SampleID,k__Bacteria;p__Bacteroidetes;c__Bacteroidia;o__Bacteroidales;f__Porphyromonadaceae;g__Parabacteroides,k__Bacteria;p__Bacteroidetes;c__Bacteroidia;o__Bacteroidales;f__Bacteroidaceae;g__Bacteroides,k__Bacteria;p__Firmicutes;c__Clostridia;o__Clostridiales;f__;g__,k__Bacteria;p__Firmicutes;c__Clostridia;o__Clostridiales;f__Lachnospiraceae;g__,k__Bacteria;p__Bacteroidetes;c__Bacteroidia;o__Bacteroidales;f__[Odoribacteraceae];g__Odoribacter,k__Bacteria;p__Firmicutes;c__Clostridia;o__Clostridiales;f__Lachnospiraceae;Other,k__Bacteria;p__Firmicutes;c__Clostridia;o__Clostridiales;f__Ruminococcaceae;g__,k__Bacteria;p__Bacteroidetes;c__Bacteroidia;o__Bacteroidales;f__Rikenellaceae;g__,k__Bacteria;p__Firmicutes;c__Clostridia;o__Clostridiales;f__Ruminococcaceae;g__Oscillospira,k__Bacteria;p__Firmicutes;c__Erysipelotrichi;o__Erysipelotrichales;f__Erysipelotrichaceae;g__Coprobacillus,k__Bacteria;p__Firmicutes;c__Erysipelotrichi;o__Erysipelotrichales;f__Erysipelotrichaceae;g__,k__Bacteria;p__Firmicutes;c__Clostridia;o__Clostridiales;f__Lachnospiraceae;g__Coprococcus,k__Bacteria;p__Firmicutes;c__Clostridia;o__Clostridiales;f__Ruminococcaceae;g__Ruminococcus,k__Bacteria;p__Firmicutes;c__Clostridia;o__Clostridiales;f__Lachnospiraceae;g__Dorea,k__Bacteria;p__Firmicutes;c__Clostridia;o__Clostridiales;f__Lachnospiraceae;g__Blautia,k__Bacteria;p__Firmicutes;c__Clostridia;o__Clostridiales;f__Lachnospiraceae;g__Roseburia,k__Bacteria;p__Bacteroidetes;c__Bacteroidia;o__Bacteroidales;f__Porphyromonadaceae;Other,k__Bacteria;p__Bacteroidetes;c__Bacteroidia;o__Bacteroidales;f__Porphyromonadaceae;g__,k__Bacteria;p__Firmicutes;c__Clostridia;o__Clostridiales;Other;Other,k__Bacteria;p__Firmicutes;c__Erysipelotrichi;o__Erysipelotrichales;f__Erysipelotrichaceae;g__[Eubacterium],k__Bacteria;p__Firmicutes;c__Clostridia;o__Clostridiales;f__[Mogibacteriaceae];g__,k__Bacteria;p__Bacteroidetes;c__Bacteroidia;o__Bacteroidales;f__;g__,k__Bacteria;p__Firmicutes;c__Clostridia;o__Clostridiales;f__Peptococcaceae;g__rc4-4,k__Bacteria;p__Firmicutes;c__Clostridia;o__Clostridiales;f__Ruminococcaceae;g__Anaerotruncus,k__Bacteria;p__Proteobacteria;c__Epsilonproteobacteria;o__Campylobacterales;f__Helicobacteraceae;g__Helicobacter,k__Bacteria;p__Verrucomicrobia;c__Verrucomicrobiae;o__Verrucomicrobiales;f__Verrucomicrobiaceae;g__Akkermansia,k__Bacteria;p__Firmicutes;c__Clostridia;o__Clostridiales;f__Peptococcaceae;g__,k__Bacteria;p__Proteobacteria;c__Betaproteobacteria;o__Burkholderiales;f__Oxalobacteraceae;g__Oxalobacter,k__Bacteria;p__Proteobacteria;c__Deltaproteobacteria;o__Desulfovibrionales;f__Desulfovibrionaceae;g__Desulfovibrio,k__Bacteria;p__Proteobacteria;c__Deltaproteobacteria;o__Desulfovibrionales;f__Desulfovibrionaceae;g__Bilophila,k__Bacteria;p__Proteobacteria;c__Deltaproteobacteria;o__Desulfovibrionales;f__Desulfovibrionaceae;g__,k__Bacteria;p__Proteobacteria;c__Alphaproteobacteria;o__Rickettsiales;f__;g__,k__Bacteria;p__Bacteroidetes;c__Bacteroidia;o__Bacteroidales;f__Porphyromonadaceae;__,k__Bacteria;p__Firmicutes;c__Clostridia;o__Clostridiales;f__Lachnospiraceae;__,k__Bacteria;p__Firmicutes;c__Clostridia;o__Clostridiales;f__Ruminococcaceae;__,k__Bacteria;p__Firmicutes;c__Clostridia;o__Clostridiales;__;__,k__Bacteria;p__Proteobacteria;c__Gammaproteobacteria;o__Enterobacteriales;f__Enterobacteriaceae;__,k__Bacteria;p__Firmicutes;c__Clostridia;o__Clostridiales;f__Veillonellaceae;g__,k__Bacteria;p__Proteobacteria;c__Gammaproteobacteria;o__Enterobacteriales;f__Enterobacteriaceae;g__Serratia,k__Bacteria;p__Bacteroidetes;c__Bacteroidia;o__Bacteroidales;__;__,k__Bacteria;p__Firmicutes;c__Clostridia;o__Clostridiales;f__Lachnospiraceae;g__Clostridium,k__Bacteria;p__Firmicutes;c__Clostridia;o__Clostridiales;f__[Mogibacteriaceae];__
ZB.H10.E35,6.777859625,7.011863409,4.479868854,5.724361103,5.239509058,2.99889848,2.450060956,5.727420982,3.959333845,4.626745872,1.826795462,1.543377338,1.891623823,1.779264819,4.310181842,3.564205861,2.214094696,1.872272892,1.476408868,1.096374495,0.830255933,-0.909721176,-5.810639699,-2.118313063,0.894484839,-0.804277663,-0.046296151,-4.823848184,-1.849742269,-5.517297554,-9.120495199,-5.439680417,-4.613504508,-4.507767396,-0.545353843,-2.037345599,-1.906882443,-5.306463461,-5.397485017,-3.352533079,-1.7906278,-6.396988527
ZB.M16.E18,6.190564608,8.313727434,6.367989239,7.31059284,5.327730971,0.134970884,4.996018653,5.945363144,5.319521696,1.149025156,-1.376959949,3.651991129,3.12202331,1.763918342,2.005123497,4.981138456,-7.585058837,2.996827904,-6.541616747,2.29198351,-6.826452033,2.727038448,2.017692486,2.143217942,0.286448303,0.868658758,0.78828684,-0.649078443,-6.741463036,-3.407048852,-1.519264166,-10.13060176,0.523921843,-6.598840901,1.412991608,-0.062656704,-6.841197245,-10.94094699,-4.824245756,-3.192470229,-1.455748101,-3.943117249
ZB.M10.E11,6.093326071,7.524606406,5.4789012,6.550507379,4.606147058,3.898249687,3.966647742,5.168916661,3.406506245,3.624571256,1.117898166,2.552141085,2.499239397,-0.371456622,1.400302659,2.345116975,-1.252279984,-3.212709459,-0.318670304,0.262583231,-0.111248738,-2.636635036,0.250965095,0.070442249,-1.689971479,-14.94024304,-1.837844792,-3.931573098,0.03106868,-1.870656749,1.584068267,-0.963870825,-7.722838957,-4.218810238,-2.751552733,-1.90965917,0.828418426,-2.793317945,-3.0193942,-1.253271672,-4.964090492,-1.490528401
ZB.M9.E10,4.165929564,5.369028866,4.671176894,6.60722485,2.283231048,3.385098191,3.079724832,4.011341218,2.423597203,3.188915663,4.862056318,-6.018100837,2.262754127,2.829680725,0.227316532,3.135263462,0.923279454,0.213825545,-2.103237226,4.696686801,0.773263731,0.315401995,0.610627191,-0.178740675,-0.688143151,-0.367452596,-3.186918372,-5.280359828,-3.343230829,-3.023091715,-7.232629752,-2.942231332,-1.314703629,-3.661525934,-0.790756662,-0.406511736,-1.699390199,-3.226961557,-3.359351373,-3.28241482,-7.203282017,-0.72638997
ZB.M14.E16,5.782749069,7.359722678,4.658505553,6.954062666,4.170428201,4.718923813,3.225080415,4.606589504,3.210163791,0.713121001,1.037700722,2.377444029,-1.523086809,-1.637771538,-1.667675496,-0.490977511,-0.388134617,1.021990621,1.712123589,4.352169598,-9.163667861,-2.43392962,-1.230767927,0.039532396,-4.335847964,-2.719112592,1.48416061,-4.109267861,-0.02638168,1.656103039,-8.869174446,0.043417099,1.313722666,-7.508469266,-4.03248413,-3.21606461,-1.37217543,0.470074693,-2.161484252,-3.19171823,-0.040362375,-0.789231537
ZB.H20.E45,5.873848205,8.32667449,5.855303805,6.896139522,6.317831681,4.859042252,2.477290057,4.295750661,4.679167262,4.645465192,1.095517586,3.06674016,2.397128783,4.072942375,-0.411194732,3.905574643,-0.97948457,2.517564936,3.416462561,5.515330952,-2.637850532,1.292670337,1.594941991,-0.187828677,-2.323660327,-1.121053477,-3.122855887,-5.880297142,-12.52856006,-2.057187311,-2.613838558,-3.204892211,-19.24059021,-1.086020451,-1.384027533,-11.74890848,-1.057819295,0.039083843,-3.032767842,-2.552140811,-5.807066157,-0.162427029
ZB.H8.E33,6.106998713,6.895448505,5.424186885,6.103841845,5.532014899,4.444511054,1.719752808,5.179642043,4.662049937,1.552570628,3.858585579,3.059051411,1.409541058,0.061926175,-4.810304676,0.802101618,-0.499496676,-1.276241769,2.125925148,-0.872057212,0.023351141,-3.261326821,-3.100770192,1.427197565,0.372509972,-3.974930508,-1.492972983,-3.937220347,-0.560835617,-4.534084512,-0.374140517,0.126708792,0.737306129,-4.089063385,-4.552585172,-0.781377439,-1.229315359,-2.530106901,-4.136572016,-1.660323197,-8.289693851,-5.661802751
ZB.H13.E38,6.095309437,6.959106168,5.362151833,6.477192412,5.450408486,3.207508215,3.879480352,4.421406783,4.804265749,-0.562246046,2.744835387,3.935965383,2.726215233,1.860051266,0.194528713,-1.261237866,-3.642327666,-1.135983424,1.924568975,2.726226003,1.597562442,-0.957856285,3.483580975,-1.383779443,0.019850733,-5.60332973,-0.005422943,0.668128888,-1.581053911,-1.637217703,-11.59070783,-1.238679074,-2.241582967,0.005707065,-5.589668954,-0.691361264,-7.607388537,-10.14289909,-3.022683699,-1.96724476,-7.42342891,0.742049601
ZA.H5.E79,5.418954666,6.727712569,4.513540943,6.699689319,3.012539991,3.397800037,3.549321946,2.967282534,3.833793648,1.434588284,2.858157587,2.407166029,1.294221251,1.959392614,0.731828004,1.777942827,1.112955945,-1.435287498,0.222540194,3.142532485,-1.651643399,-0.605590454,-0.642772469,-1.259497658,1.259574599,-1.562398565,-0.884831042,-5.870667801,-0.876850651,-2.281824425,1.370718099,1.056872609,-9.345576033,-4.55461277,-7.142825729,-2.901866683,-4.290009265,-6.648912358,-4.026475675,-1.075894155,-2.029428399,-1.662161151
ZB.H21.E46,5.889089829,6.592516121,4.720606335,5.935540483,5.027411402,4.151858343,4.488358042,5.018297371,3.670945771,2.488479563,4.857977932,2.62078669,2.55693674,2.212076762,2.131849302,2.767996193,2.766886167,2.542415205,-1.777691064,-0.472158222,1.146105619,0.997922163,-2.053294754,-1.578105623,-2.991521283,-0.958407295,-5.906558929,-4.499412364,-8.472039941,-1.979821517,-2.719976412,-3.19486737,-0.444255057,-3.319486214,0.060376383,-6.698636568,-5.653619359,-0.228410746,-3.239430183,-7.959004226,-4.558313113,-3.939422175
ZB.M8.E8,6.352082726,7.448437838,4.388629586,6.479639897,5.267390444,3.977001236,4.126326273,4.926851637,4.18358961,-0.014361822,1.722875038,1.26264361,2.511685022,0.525184808,0.761547495,-4.743147751,2.253308657,1.522387352,2.777578074,0.924213641,2.304429545,-0.201221237,-4.059406908,-7.84170469,-6.923165547,-0.704107951,1.160312577,-0.66301028,-3.036057581,-0.204792293,-1.81600795,-5.676025658,-1.29436997,-0.890606516,-1.828121043,-7.859305812,-4.409390666,-0.156794705,1.169943703,-3.89139691,-0.812978427,-9.020085049
ZB.H9.E34,6.09037224,6.869223144,4.367889367,5.821179859,3.976412603,2.915019152,2.13789504,4.317761148,3.829519984,1.56620187,1.414350532,2.731997563,2.598341067,2.348681186,-5.219144184,2.634675715,2.341329889,1.010373689,-0.382743324,-1.791791111,1.586067368,-3.54189422,-2.083677761,1.02090845,-4.024364211,-0.717211967,-0.310070396,-9.914874369,-3.7835005,-1.965786646,-4.044607327,0.686629825,-1.488237225,-1.622218957,-2.143954105,-0.224395235,-0.310448798,-5.453038601,-7.228150122,0.496646753,-1.288762255,-3.22260513
ZB.H2.E27,4.438093289,7.267607788,4.786751377,5.268672344,5.510297435,3.380332541,4.595681439,5.853782955,3.840646209,-2.03791932,2.287180092,-0.067895384,1.95463354,4.097297772,3.172396565,1.620315111,-7.126618661,0.700871487,-3.842202371,0.385602233,0.115020263,1.420350457,-0.679872687,-0.039603651,-0.554646038,4.924051048,-5.448937069,-4.925076079,-6.759192901,0.805440651,-0.866521562,-8.380999201,-0.012507948,-1.113701113,-1.439856277,-7.904035184,1.033447431,-1.274334104,-2.504333622,-3.880257819,-5.539367587,-3.060593448
ZB.M4.E4,6.011146303,8.694641666,1.976496911,7.866108377,3.532703114,5.886507605,3.183220966,3.857194746,1.023526111,3.118584345,-2.112775932,-2.177573877,0.722556171,3.523754219,0.855094471,5.655811406,3.188615029,0.493598437,3.07302434,-1.848851361,-1.204118051,0.056941178,-1.231160207,0.042378479,-5.880447857,2.05147249,-7.019258675,-3.131772686,-1.328949908,-1.831655627,-2.433104786,-2.562240402,-5.254055153,-10.11907364,-1.212375963,-4.936756014,-1.22282467,-4.667373491,-2.227085451,-0.252544423,-1.242460816,-0.916917375
ZA.H23.E97,6.936886037,8.435228102,5.221203856,6.731258626,6.317038625,4.805266843,3.92671757,7.89990029,4.373858787,1.617294934,3.796895886,1.973439825,1.756290453,3.174829387,1.829392346,0.787435758,3.58433893,3.675023545,-1.993081545,5.479312022,-1.732916762,1.389844167,-1.987659206,-1.057816797,0.594685669,-2.474033898,-5.388936061,-11.7730939,-7.217626746,-1.019225615,-3.473472638,-4.552177816,-1.251532279,-1.448988169,-9.798714843,-3.437637726,-0.278228485,-8.281635969,-4.259155777,0.04074721,0.739048103,-13.66000274
ZA.M22.E96,5.718446178,6.467112256,4.716346384,6.271379968,4.507585096,4.712031551,2.369132219,5.74636806,4.546717505,0.899339925,1.046095772,4.518516105,2.465488509,1.53258463,-0.609210395,1.813013482,2.037287953,1.390086305,0.995250762,-2.584023014,0.379624728,-4.273414987,0.012639139,-0.782431337,2.626283098,3.176673226,0.342990557,-2.133787928,0.674115815,-6.375662937,0.34146169,-5.20853013,-8.857559649,-8.499629362,-2.567787511,-1.757294805,-3.697200817,-0.261844267,-2.55017635,-8.040505365,-4.265776047,-6.841736011
ZA.H21.E95,5.840170623,6.582469599,4.82733603,6.70124827,5.484222623,4.895250193,3.83588167,5.587005722,5.265638357,1.76566066,1.823278715,4.409610023,2.645818641,2.744401304,2.065765048,1.427855297,1.140374767,1.959570877,1.919356185,-0.925167082,0.960886852,-1.568826188,0.55436462,-1.263368003,2.897095132,3.899208289,-1.374515041,-7.170652435,0.313929896,0.352856822,0.058418783,-2.104169818,-6.79605838,-4.636674176,-12.09455877,-6.156163956,-13.93973733,-5.620598432,-1.926986133,-5.055555032,-6.822604408,-2.502039822
ZA.H9.E83,3.046907975,4.837735142,5.225109319,6.006639439,3.347460585,4.495037934,4.00375285,5.462285664,5.145698786,5.199557371,4.046433841,0.529583204,1.976250184,1.528993411,3.612023831,1.593030445,0.878017232,-0.28573352,1.732314167,4.970852356,-0.427234743,-3.111272547,-5.105731864,1.289843166,1.729411839,5.479747169,-2.538209928,-4.342020857,-4.939220077,-7.921902605,1.515460042,-2.529372116,-8.984251302,-3.416606584,-2.644986747,-6.631083063,-3.228379481,-5.134795734,-8.981195499,-2.778650694,-4.776231828,0.124733238
ZA.H3.E77,4.857133755,5.885325446,3.835115731,6.937086455,4.091138872,4.17947447,2.807544505,4.701047149,3.577138682,3.9943231,2.915659755,1.03969558,1.751082799,3.70171876,4.416936683,3.416284536,-0.149687179,0.094554683,1.263402703,4.387586138,3.52107683,-5.7376683,-2.093655448,-2.350703846,-7.80504512,2.667111977,-1.842421952,1.824760889,-7.079265022,-4.411687237,-0.095264839,0.332679159,-2.922109145,-0.519927427,-3.173482985,-9.25481484,-9.001484537,-6.216294038,-3.707228359,-1.675383676,-4.836520082,-3.325234625
ZA.M16.E90,5.458271493,7.02443979,6.113287612,5.398108404,5.606372348,6.403324448,4.07797915,6.179561486,5.030597787,1.859195768,0.917410994,3.778203333,2.752545416,-0.641864104,-0.949515471,5.152753051,1.074313493,1.095634858,3.926337805,-2.618952144,0.089978854,-5.670970718,3.291829529,1.753095699,-0.604027728,-4.553393231,-1.203058728,-0.498495674,-5.502743199,-1.315439476,-3.18302018,-6.51245098,-3.465578616,-6.20722325,-1.771450098,-6.283679584,-5.421385503,-10.26465574,-2.558815224,-4.57804683,-1.746114031,-1.432360806
ZA.M18.E92,6.471989975,7.620860624,5.870358535,5.810934744,5.9240544,4.170364549,4.655897133,6.673697101,5.094588082,1.740471018,1.673731767,1.19214573,3.239588534,1.262013066,-0.95676781,1.946134215,2.317917074,-5.315771546,1.141565178,1.151678501,0.003406527,-5.093378838,-1.377540588,-0.036473904,4.231110799,3.463242205,-2.536389,-1.273002232,-7.772081514,-1.045988807,-6.904381277,-6.556586392,-2.779694378,-3.743964396,-1.183592242,-1.836600512,-5.527711492,-6.417105725,-0.140546398,-6.389332346,-3.690184288,-5.078656075
ZA.M11.E85,6.157581106,7.220159454,5.94126337,5.332442373,5.636070117,2.122028465,4.261041113,5.929142147,4.763896608,3.572451691,2.273730647,0.927602288,3.215248506,1.960691534,1.949331779,0.170250053,2.932031298,2.280690629,3.02089308,1.555854783,2.595138779,-5.226956266,0.239790628,-9.67733196,2.081966487,1.360358,-1.515876019,-2.350749696,-1.481902131,-0.630350869,-0.647150923,-0.797345377,-5.61710622,-6.70633126,-6.793149364,-2.659300087,-12.37934345,-3.91992405,-0.514949124,-3.644987224,-10.58748473,-2.349416195
ZA.H26.E100,5.449861647,7.010324715,3.72345097,3.513184213,4.998599069,3.76116545,4.106191578,6.180788571,4.10197873,-0.570636472,0.858949147,-1.554522346,2.36099761,-7.373679147,1.042422596,1.926445506,3.264448407,1.017486571,1.468275167,-2.526905772,-7.9505976,-1.188318852,-3.173818158,-4.617569269,-0.868333787,4.373982027,-0.851330034,0.776156876,4.552935523,-0.607458855,2.62850964,-5.901643687,-1.358799776,-1.146790843,-4.521444306,-1.820890732,-3.2557998,0.912914171,-5.751804765,-3.065658843,-8.870230898,-1.052834239
ZB.H16.E41,5.712497505,7.316352339,5.442453649,6.332252011,4.699484992,3.845410481,3.667009233,4.321609035,4.26305778,3.476451528,1.698942504,0.50706161,3.405070472,2.979475049,1.646297151,2.275753372,1.417571286,2.417392117,1.984437095,3.718396581,-0.549624043,-3.563335812,-5.630538367,1.405080126,-0.309539917,-5.991627806,-7.743232425,-0.105926367,0.194463237,-0.443369108,-4.404012313,-3.909374687,-3.466670311,-6.333941491,-1.385806856,-6.569596514,-1.715521417,-2.17188944,-2.450087056,-9.829252989,-0.3425662,-5.810606032
ZB.H17.E42,6.345274908,7.224048847,6.687095281,6.993873467,5.071678309,4.576457148,4.038912849,5.610215518,5.503734203,5.614583449,1.314736285,4.143899453,4.362646156,3.595672109,3.474968206,-0.288273892,-0.640593762,1.220536937,3.232231193,3.786460183,-1.397623528,-3.218477795,0.871030474,2.580353341,-16.37548071,-10.1855943,0.229602824,-0.338244006,-1.949113663,-6.143929178,-1.629233881,-1.252982362,-6.373411629,-1.971971317,-8.438862223,0.363738478,-0.013405343,-11.23166608,-5.746692578,-0.313348448,-3.655503217,-5.677341708
ZA.M6.E80,4.005190217,5.549628211,5.774186523,5.481079165,2.269535765,3.880758624,3.129103696,3.556400313,4.892847977,2.01113165,1.454325787,2.482782709,3.523245497,0.496170879,1.592533617,2.783833712,1.53250748,-2.964853728,2.561829773,0.780652177,-1.953634944,-0.958950543,-0.140810945,-1.15455789,-4.206017128,-2.230119679,-0.398145239,-0.942377134,-2.922889076,-6.548982008,-3.873157598,-0.730355872,-0.992987279,-2.711062577,-1.977907484,-0.907351389,-1.222829754,-2.028653327,0.758724972,-9.969457253,-5.498156734,-4.183211161
ZB.M13.E15,6.686043583,6.503018476,5.803084879,5.308482103,3.432257539,2.282544271,3.333685102,3.36665127,4.458985026,-0.36315771,-0.300062402,4.402076188,0.437025695,-2.809786289,2.058005264,-1.536995287,3.771870272,3.238363948,1.495289472,-10.11692304,-2.219582618,1.752000471,2.885022766,-0.19472482,-16.01284713,0.376699019,0.317229832,0.755943557,-5.357620369,-2.466902391,-1.947022545,-6.10305755,-2.016028642,-2.796043034,0.109941206,-3.176991493,-1.176679968,-0.825012681,-2.510870854,-0.562582879,-0.026426071,-0.25490217
ZB.H7.E32,6.417786119,6.171921259,4.3894629,7.098194815,2.629824282,4.409657151,4.520114336,4.334930286,4.488267075,1.514834666,3.234562808,1.920168005,0.586284263,1.370911579,0.379588142,0.354461902,-8.542673886,1.893813005,1.325676064,1.03658267,-2.010624908,1.151524404,2.333234999,-0.877061544,1.830092124,0.765410568,-1.619654243,-0.077737766,-0.875951817,-0.688566712,-5.096236245,-1.42991323,-2.93534071,-9.499855989,-1.953357674,-2.182609715,-16.56789461,0.419876374,-0.069577979,-4.519701862,-1.221812462,-4.408608449
ZB.H18.E43,5.680375713,7.025101191,5.817707763,4.968397006,5.129753293,3.27580953,1.747261286,5.037014697,4.084666299,1.542840524,1.089951108,3.452704666,3.125893172,-12.50571434,0.469199304,4.123474943,0.969598144,-2.62084379,-0.347301493,-2.853241186,-0.653039321,1.218763195,0.951393289,2.057455706,-3.7673153,0.464106205,1.382375156,-3.944527625,-2.699461369,-1.17825134,1.112452989,-4.964773769,-1.707019069,-2.182261573,-0.808734711,-1.322149742,-6.707992319,0.714242809,-3.911414416,-4.747432312,-4.788460595,-3.730603723
ZB.M17.E19,5.576159468,7.230204019,3.408546096,4.021813788,4.7970805,3.50724524,2.674687768,4.976594942,2.362473675,3.121015476,0.59092318,0.465454597,1.976057849,3.296441861,3.844251925,2.186384775,3.345078205,3.254794767,-2.727315567,3.246510829,-0.763715433,1.686150901,-3.442624487,-0.00285549,-2.158412952,-0.361786044,-1.773106522,-2.946057903,-0.246486762,-6.652239402,-2.359442649,-4.731032722,-2.013298688,-2.466572526,-5.797214776,-5.441452009,-1.110864063,-2.340006477,-7.290171606,-5.955987118,-0.534358982,-4.452867685
ZA.H17.E91,6.81120656,6.993305897,4.392834834,4.689167725,4.52156112,0.090186997,1.895414946,5.756367173,3.995036425,2.951905106,2.551210862,0.118638473,-6.798475328,3.152681763,3.416402483,-2.070529982,2.386725887,0.633590581,-1.580673954,1.914729495,1.72866682,-4.848183896,-1.202629914,-1.766146839,-2.840595083,-4.474429761,-4.541905535,-4.525665938,0.96813088,-0.515071991,0.454142734,0.257565783,-9.987405935,1.425100071,-2.199665833,-1.82610368,-6.125981947,-1.504204535,0.775135002,1.492535921,-6.94214007,0.377566683
ZB.M20.E22,3.914225815,6.320121356,3.955193769,4.417494535,4.384179739,1.592363911,1.917701681,5.207055562,1.870972875,1.376278044,1.11452263,0.351611489,1.21288614,2.486312748,3.822554297,2.200842877,2.950505121,3.156069644,-0.008323187,2.15277325,0.500937978,-2.214854858,-1.028790125,-3.125747869,-2.495294553,0.112220276,-1.727071045,-7.871272953,-2.06608398,-5.457895817,-2.761092578,-6.695203859,1.28802908,-1.051590263,-1.104857969,-0.810900416,-0.270901658,-1.372315055,-6.464999147,-1.73422667,-1.630597088,-6.412833731
ZB.H12.E37,5.775999846,6.487321017,5.597453972,6.592473814,4.795425691,3.598058359,3.004297821,4.570038549,4.408462734,1.719619982,2.845730442,2.039088872,2.664228345,-0.176498237,0.726659972,0.97451905,-3.774939963,-2.074818935,1.653920489,1.064295865,1.248434293,1.904786822,-0.651984967,1.714788432,1.72978933,0.146656302,-7.982334636,-3.19988859,-14.13840467,-2.776262589,-3.27264973,-0.995198232,-1.954657492,-2.548826785,-4.365964491,-1.595643619,-2.134574067,-1.667433748,-4.028260259,-2.53819498,-1.869391383,-3.516122625
ZA.M1.E75,4.144266545,6.456673526,5.13751997,6.986777174,2.930295682,4.725783986,4.341825416,4.172025748,3.867402377,4.303759812,3.514413147,0.923894619,1.515974936,1.596524432,2.018025081,2.425514478,0.814996081,0.013362641,2.510672643,-0.901621606,-3.336568888,-6.581854271,2.685848371,-2.994287715,-5.82296865,-1.710247648,-0.399262243,-2.846228535,-7.301625213,-4.630024241,-2.561865383,-2.6518377,-4.068806478,-0.081436695,-4.754148117,-2.122276152,-4.680599111,0.470485628,-4.510917512,-2.132272741,-1.609263443,0.142070048
ZA.H7.E81,4.730623626,6.017324279,5.044516573,6.254403785,3.346780648,3.949659179,3.714819959,4.143259574,5.014032724,3.240995161,2.90895222,2.485522744,2.522992722,0.389488807,1.929457908,4.749564443,0.389726503,-0.401673309,1.214602913,3.311637355,1.675695625,-5.203927979,2.995068459,-0.194819214,-0.950452561,-3.188393486,-4.853163963,-2.575392668,-9.197292097,-1.995379774,-2.605782509,-1.889164026,-7.081759956,-4.199692881,-1.934633334,-9.436691321,-1.681467379,-4.273925767,-1.613182052,-1.045397721,-3.837340953,-1.869592258
ZB.H11.E36,6.661106207,7.802269982,5.906721434,6.3045047,6.886314958,0.29849693,3.582044394,5.886942349,5.290735285,2.64880479,3.221591016,2.181456605,2.258189046,1.590196061,2.416584861,1.200400642,2.265174506,-1.272239106,4.316144347,0.62641355,-3.519512226,-1.449469907,-1.509412686,0.16663495,-4.077411416,0.107571462,-10.71431604,-0.107592982,-2.782091321,-3.396733471,-1.966912705,-5.778456874,-2.453281146,-3.077421619,-2.139918796,-4.247396477,-5.588919468,-4.060445201,-1.027869009,-5.553280675,-1.73664192,-5.158975029
ZB.H5.E30,7.973724407,8.231276769,6.682071143,7.225584877,5.438277507,3.261327389,4.801567653,4.622367495,4.451140278,3.113462908,4.676440055,1.080436163,5.206180807,1.881019233,1.878754967,-1.079968106,-8.374901607,-0.346167283,1.765043102,-3.028033372,1.578277087,4.36187957,0.390543327,3.921903165,-2.981979594,-1.436247327,-0.244888785,2.699168933,-5.790560926,0.586683703,-2.518180308,-1.421639887,-4.573972823,-0.717567024,-22.01552306,-3.71125622,1.499554189,-6.058442591,-8.099837899,-1.378485547,-10.2612826,-3.287749759
ZB.M7.E7,4.953530715,7.393626542,3.773068679,5.390942129,4.215429203,4.014680116,2.809870719,3.464836312,1.994107288,2.8254279,3.777142861,2.951910559,0.969117931,2.486219648,1.641701046,2.585707981,1.568041439,-2.218784187,1.349501887,2.932123868,-1.721161011,-0.168975431,-0.063766171,0.084256925,0.983524535,-0.699425772,-1.902530389,-3.0366854,-13.44366828,-1.393214598,-2.537337958,-0.390332808,-0.958214872,-4.563823286,-2.394202452,-3.419887912,-3.772892846,-5.173501768,-3.3100575,-2.813097822,-2.378419348,-5.804788467
ZB.M1.E1,6.184199066,7.537749887,6.272438924,7.107534836,3.416738871,0.763208344,5.50358133,3.439413499,3.516959073,2.769535646,4.364922979,4.973874371,4.541313136,0.862692536,1.819369559,-0.159501523,3.393663107,-3.285562814,-1.031474554,-2.11918277,-7.09019235,-0.160222035,3.392757731,1.002763401,-12.51496258,-1.079534127,-11.24610403,-2.691132194,-0.638343251,-5.246602009,-6.12012638,-7.677451848,0.551025186,-3.914620715,-2.525533222,-0.08741906,-0.414861968,0.097151313,-1.035818507,-2.188099811,-0.943624127,0.659477085
ZB.H4.E29,6.209114861,7.390886315,4.703794384,3.615137961,4.573661923,2.984506286,1.784772907,5.726303426,2.090538892,6.022159921,0.704068559,1.479277051,2.881850932,1.025410655,5.363462584,0.090145721,2.322945142,2.346185717,0.634734002,3.36551812,-7.306943412,0.866109763,1.269520979,-1.290180769,-1.85342133,-2.583863271,-0.42897855,-2.583064167,0.167882973,-8.658938614,-1.159541533,-4.959432499,-0.784244481,-2.93205779,0.652613522,-9.743140938,-5.605169603,-2.720430093,-2.164100474,-6.73596267,-2.421248448,-4.339883956
ZB.H15.E40,6.157640871,6.987190976,4.582711808,5.626945531,5.065966224,3.235068926,2.501089977,5.341677569,3.146780167,3.42581281,3.347370534,-0.889239322,1.738635915,2.952477241,3.221903025,1.679548726,1.300819088,2.799089588,0.959726192,3.217285976,-0.547257506,2.122793534,-2.686664171,-0.136322073,-3.31314609,-0.621428423,-1.022252204,-16.59068119,-0.054771353,-2.031208263,-5.708490281,-0.020740497,-5.88772352,-5.743734489,-3.62029357,0.102475526,-4.54673794,-0.59845295,-2.057813571,-6.779164115,-5.389693643,-1.267195033
ZB.M2.E2,5.99432921,7.023712758,6.607282051,5.573416295,3.577769023,3.23598937,5.037717189,-0.422737297,3.257537802,-6.66226664,0.241605228,2.83388714,-9.76659047,3.566630176,-2.063587051,-0.55373341,1.837162288,4.087098742,1.802380952,0.071893458,-1.285718934,1.121479458,-4.890224123,-1.298328084,-3.151533725,2.450283858,-0.022081271,-0.587816607,-1.068867762,-7.159450552,-1.83566458,-2.82689965,0.501652366,2.580629539,-4.227494364,-4.378557982,-0.342589415,-8.4553672,-3.223157612,0.061621368,1.043970085,1.714618373
ZB.M21.E23,5.356089618,5.898414188,5.125875642,7.388283276,3.575369418,2.420165736,2.906575223,2.647265131,4.287852505,-0.710360611,5.48557214,3.099063488,3.075332668,3.967856146,3.8375202,-7.125895154,-0.352485832,-3.958394405,2.386650626,1.151658785,-0.509232071,-8.340742772,0.294595843,-1.729273289,2.376990208,1.000872305,1.347537873,-0.928391823,-0.964879664,2.147878545,-8.02631043,-3.168853702,-6.150625489,-2.306682157,-1.923922099,-2.986228292,-5.12642755,-3.674727302,-2.066558035,-5.364072099,-1.219279036,-3.14407775
ZB.M18.E20,5.992994681,7.108565216,5.852175088,5.864264857,5.888310501,3.760515256,2.771214909,4.018595945,1.790087238,3.128862486,2.364028564,0.897018337,1.886263844,1.866654282,5.654033922,2.754309662,-0.817857491,1.455839972,-1.318656979,3.025392408,-2.559914009,-2.748504909,-5.429331611,-3.50697206,1.040860047,1.567188417,-2.646351194,-4.424093557,-5.517948371,-0.440407709,-2.470475836,-0.395652469,-1.984486249,0.213939771,-5.083774866,-2.571156136,-8.268337272,0.653240145,1.340296553,-11.92441225,-3.317457735,-5.468861398
ZB.M22.E24,4.826883142,7.581337994,5.650208216,4.757013747,4.94715646,2.850012763,2.962976895,4.826476956,4.187534189,4.008202764,1.491339219,-0.318703147,0.648337761,4.751184262,2.854252694,2.743262166,-15.21134659,-3.656544285,-0.686916614,6.633216305,-1.075670568,-0.923448402,-2.636197309,0.038575186,-1.710038624,2.649283346,-1.146590831,0.291354254,-6.16094434,-5.798829521,-1.689408982,-0.451726302,-0.053134276,-6.087700334,0.274787977,-3.332108511,-4.713435553,0.692648624,-7.881917277,-1.777756479,-1.674093184,-2.67953379
ZA.H12.E86,6.119010775,8.144568458,6.054873129,5.652415405,5.452230333,4.040144112,4.505604608,5.795973637,4.479574942,4.470789714,4.427507615,0.191307017,4.851485225,3.127379915,3.569414181,2.673824211,1.167348891,-2.516596111,2.851943864,-1.020077167,-0.357925681,-0.621119564,2.27835238,0.035930452,-6.62361948,-8.899791586,-3.749875345,-4.455081639,-0.472988326,0.234217552,-1.709418643,-2.928488142,-2.892638242,-4.878990201,-2.530420721,-4.50858164,-1.966874546,-6.554994247,-0.133146238,-17.28215833,-6.671086689,0.649976119
ZA.H20.E94,6.058963514,7.755275231,6.885725864,5.885313064,5.377078378,4.731567825,6.062163433,6.264939898,4.914407768,4.080870066,2.836008981,-1.681220697,4.130683572,1.167658781,2.508253932,4.423581524,1.738523235,1.852537876,0.238452899,-0.479668054,-1.77273552,-2.887960426,1.546757413,-5.889133677,-2.460995262,1.670775307,-4.786698965,-0.440381843,-10.97764633,-4.079211762,0.540934587,-1.909599348,-11.80588212,-1.604221588,-11.44554141,0.393858688,-12.97955131,-0.968127427,0.029192528,2.443449992,-1.575002107,-5.793396505
ZB.H14.E39,6.86450442,7.377755302,5.518136379,4.661841325,5.466887734,5.387752224,1.193203097,5.406698996,3.885153102,2.836780942,3.450636858,-1.960906168,-4.941124723,0.875974956,4.909298199,3.626575562,1.08949946,-0.106811305,3.07019957,-1.901583356,-5.62489379,2.819973424,-4.359832678,-6.033414959,2.10563225,-4.120684497,-1.508436965,-4.394677827,0.375116172,-0.402960444,-2.226871307,-1.877599651,-4.833970826,-2.294240223,-4.433405135,-4.716113227,-7.25398681,-0.785374751,-0.915184284,-0.316870431,-1.514424344,-4.398252272
ZA.H15.E89,5.152966456,7.111132751,3.36836115,5.907800791,3.184000524,2.509983342,1.449326779,5.24911197,3.897395177,1.428609056,-1.48636591,2.893181353,-0.253399541,-0.705001175,1.924397598,4.318442259,2.694435323,-0.177559647,-0.472970095,1.978236971,-3.399365262,-4.030028361,0.183469355,-1.673199803,1.577667122,2.137202097,-0.388700088,-4.844721942,-0.264328328,-0.662697046,-0.162226934,-1.172044592,-1.459779847,-6.637167933,-5.664314053,1.927521375,-0.147372047,-2.194663356,-6.588077851,-5.471365776,-7.923338317,-3.114553548
ZA.H4.E78,6.657511176,7.158501892,4.454095809,5.397764333,4.343881365,5.350145495,4.109759253,3.182821315,3.882024024,2.305894424,1.850691188,1.684327631,1.231177168,1.522189839,-1.828024783,4.19261963,2.960770382,2.745237908,2.032230021,-1.556083926,1.008361979,2.634507951,1.429373094,-6.037590685,-4.395183403,-1.901564494,-3.431951556,-10.79976704,-1.041849384,-6.114822053,-1.568203338,-0.906467273,-7.980364019,-2.365458291,-0.851776519,-0.232829433,-2.572311698,-3.923648596,-2.551543861,-2.247016014,-2.742466899,-5.084962612
ZA.H14.E88,6.436570952,7.458632823,3.363005869,4.485455761,3.980953445,4.139048339,3.408842668,5.183290919,2.070836551,-0.128552561,-0.461213231,-0.76555986,1.352365023,-0.697122885,-5.573485461,3.092971735,2.742681708,2.972148038,1.851432345,-7.197724387,1.874625764,-7.408539331,1.031357954,-1.223297794,-4.251099123,0.065513541,-1.115395149,-0.428595494,-0.663539191,-3.128909527,-5.313416929,-0.411726622,-3.6470125,-1.111644915,0.221981419,-1.488815934,-3.086789183,-2.88933297,0.848458582,-0.776567821,-3.602593529,-1.209239041
ZB.M19.E21,6.024335938,6.169562969,4.475621887,5.827490073,4.793678167,2.610015502,4.774371975,5.09971248,4.515993951,0.29268824,1.441219915,2.702284752,0.580969432,1.007350106,-1.090543667,-1.882181958,-0.813775018,1.406430006,2.269881918,-1.013865478,-0.705661752,0.38561641,2.960177226,-0.282866445,-0.264905681,-16.39589275,-5.309373197,-1.111285655,0.538384143,-5.098092951,-1.859760111,2.287444214,-1.77794462,-0.099739229,-1.588350688,-9.632640749,-1.725263313,-1.261195307,-3.115281446,-1.979105577,-1.328951726,-1.826551991
ZA.M25.E99,7.444376342,7.073907166,6.630855734,4.461211132,6.687616602,2.445118552,4.704270657,7.550636691,3.137724678,1.715492485,0.213078966,3.063028927,0.672293788,3.562528161,-1.607103653,-1.100474824,3.709878442,1.380954118,-6.973162159,1.06826475,0.981971062,0.524054002,-0.691318294,0.914867297,-2.33655687,5.46972584,-2.137356181,-2.295696365,-1.731176736,-2.426954712,-1.302900605,1.423650723,0.784296068,-0.172225287,-3.776713996,-3.446885693,-7.265388117,-3.085962462,-23.51417066,-1.266539801,-6.282222705,-4.206993064
ZA.M10.E84,5.929225757,6.824090499,4.283954803,2.216637416,5.898821645,1.531437449,3.237409699,6.196605328,3.119547166,4.937669031,1.233727466,-0.92610321,-11.78554499,1.907533147,3.326146889,-1.265006265,2.511418102,-0.119352607,-3.115787388,0.855110296,0.743739968,-5.591085311,-0.159907357,0.065270825,-3.543444681,-0.86866796,0.689813749,1.522399114,-1.886315331,1.0112155,0.073524395,-0.19870001,0.977954436,-1.130381742,2.306865832,-5.484607483,-4.655853715,-6.985325834,-1.739898835,1.557984452,-8.222481641,-5.279638601
ZB.H1.E26,5.143693599,6.400706213,4.218778202,4.092350664,4.214026933,3.647421026,-0.569982435,5.165396031,1.442361998,1.592368422,2.659410033,-4.688219722,2.561641055,5.140447282,4.62247057,3.141994378,1.714665558,1.433409035,1.08644306,4.734900462,1.24592505,-0.026514319,-4.302580761,0.770331633,-4.599683399,-0.264434127,-2.079016098,-3.24094141,0.944985081,-0.726086361,-5.319896428,-2.05162161,-8.683562059,-9.989783731,-0.227528019,-1.428628743,-6.331196467,0.085426752,0.292125642,-3.213887901,-2.19824779,-6.409467297
ZB.H6.E31,6.680864692,6.2109861,2.751272844,3.182470364,3.66394712,2.896350151,2.270910848,2.650745221,3.153789044,3.093057897,3.429274211,2.558123832,1.650457062,2.02081225,2.790530345,-0.996687293,1.149323287,3.559960458,-5.08796612,2.521107699,2.137153722,2.380683034,-8.334804188,0.259182943,-6.963865989,-0.687527629,-1.126905406,2.529639278,-4.66806748,-3.770812465,-3.581939953,0.218130832,-3.35816882,-0.328305265,-2.613253568,-2.2863248,-4.265358541,-0.049291871,-6.025815185,0.219295549,-5.986661641,-3.846312567
ZA.M13.E87,5.311751191,6.842862926,4.932837536,6.111479481,4.830665076,4.610718629,2.1630011,4.127896836,3.18280494,2.449631669,2.523083313,2.561785766,2.029942741,0.958905587,3.133907072,3.519248924,0.92967274,0.65864439,2.549785705,-3.136724371,-2.177829661,-5.192128245,1.96015008,-4.61349204,-0.264668352,0.313869082,-0.220273791,0.212022051,-5.476480798,0.309288875,-1.375520185,-1.332298849,-0.542421112,-2.772337014,-4.248788564,-10.17543821,-0.185577582,-6.417334914,-2.246019603,-11.88937943,0.741002739,-4.698245731
ZB.M6.E6,5.146200936,6.591906999,4.617946318,1.70401989,3.249479708,1.227795172,4.566538852,6.077300875,2.599811363,2.071884773,1.662250599,-4.785329035,-2.558485397,0.611322676,5.329443045,-3.755447982,3.640444565,2.497808983,-1.331942291,-9.202617609,-3.930350936,2.804796643,2.513504544,-1.092359488,-4.152453021,-1.719260213,-3.209690068,-2.737817143,0.313933164,1.732028922,-5.027829546,0.814966776,0.609841311,1.628698405,-3.347476739,-0.06331845,-7.177414416,-0.228852966,0.213438512,-5.228612107,-1.373733579,-1.302372045
ZB.M12.E14,5.692487229,6.757930121,3.3810627,2.995997351,5.469739189,0.539551016,3.700772914,6.828838521,-3.271397488,-0.857235715,-0.133024157,2.324973508,4.129321792,1.104916931,0.409318047,-2.078479779,1.474042278,-1.372878528,2.052874291,-1.671706389,2.481616535,-0.776820831,-9.107630937,-2.113917514,-6.367320313,-1.93135671,-1.148777929,-3.268429927,1.927804267,-4.261557074,3.030080658,2.726670759,-1.248872327,-5.617786128,1.799558729,-2.913976524,-3.776112859,1.04043426,-3.799444761,0.543763788,-0.503330912,-4.191698082
ZA.H8.E82,6.802253732,7.662481104,3.200711302,6.176627186,5.180729912,3.316191074,4.554404966,5.437338703,3.908264197,2.712342269,-1.831538235,4.533097985,0.829985374,3.545248655,0.277204594,-0.051069626,3.479225799,-0.857058324,0.436106972,1.712741341,1.004661101,-2.887454468,-6.581395046,-3.942674378,-4.402992341,-0.810337827,1.039977487,2.266215938,-1.998255752,-2.428961491,0.741605561,-3.963746686,-2.548072232,-3.968159629,-1.886642622,-9.780487459,-0.693216857,-3.285898309,-9.157975929,-2.604584067,1.419718367,-6.55661234
ZB.H3.E28,2.303542843,-14.26637291,2.408919692,4.497408621,2.387598246,-0.096722222,0.977541737,-1.431195267,-0.26986346,2.933390962,2.740243756,-2.803311893,-1.573485459,3.867038999,-0.598998996,-1.270462828,-1.427758757,-0.247840819,-0.174792427,0.076686593,0.472312918,0.993916628,0.491002294,-1.253533296,0.750468619,2.725345869,2.408531405,-0.668986224,-2.171694564,-1.248768814,1.144830556,2.685577322,-5.984633569,-5.053545446,2.882388208,0.473387974,0.524775667,-2.233258011,3.551488184,-1.42080707,4.023972703,-1.124337764
Sa.F.D.28,6.283993893,7.198177059,1.86712683,2.370182897,6.053135245,-12.42376475,0.313372987,3.712457247,3.958134858,-0.112481809,1.369052564,2.339492012,2.257931245,-0.744122131,-5.647403907,0.447040918,-11.17373741,-7.315435408,-6.238897379,-1.256364445,0.868387828,-4.00006543,-0.8325026,2.292596266,-5.767751896,-5.259321321,-0.475158089,-9.550224496,1.043692644,2.314512707,-0.147683213,0.580303214,3.41831707,5.486329983,4.091215691,5.403841398,0.643953451,1.625940302,0.540730633,2.152058476,2.515800329,-0.202863459
Sa.F.D.30,5.141464382,4.5150224,3.487778841,2.074395497,6.406813758,-6.487760494,1.639135534,4.373867603,3.680367144,-0.722062798,1.536278376,2.913721097,1.577139859,1.345895462,-9.249893592,0.905186842,-7.813641747,-12.93461667,-4.925481368,0.620874468,1.599580311,1.348271968,-6.254798779,-8.462411673,-0.225194871,0.745730686,-20.04385025,-0.673994327,2.465190688,3.961085826,1.551376756,-2.588188412,1.536899793,5.348240147,5.158975248,3.76516492,-1.145712194,0.511149228,8.077082644,1.633187553,2.545002345,1.062727792
Sa.F.D.33,4.663140034,4.659192779,3.042610319,2.986955212,4.190346018,-3.39602656,-6.331554101,3.868051612,2.338252317,-0.757895444,1.628846898,4.334394562,1.181701051,-5.908128907,-4.727078996,1.395615763,-2.12833781,-2.835662184,-3.719348061,-6.409808259,-3.433402606,0.96021929,-0.077942612,-0.187033318,-1.144443293,2.378353298,-1.469308967,-2.074393573,1.401885859,2.047710021,-3.062780163,0.123439018,2.542046462,4.604076103,2.127875595,2.849487805,7.279746063,-10.81354042,7.210857238,1.318631774,-3.927532419,-6.7292174
Sa.F.D.35,5.403572656,5.414660958,4.568823157,2.987614099,4.913430448,-4.578728551,-0.652284438,3.899831847,3.841222326,0.324910901,0.897736526,0.6532039,2.450927768,1.169413264,1.37416734,5.623288525,-2.528553061,-8.085762798,-6.996681879,0.281984088,0.630829169,0.755631728,-1.242293461,1.959990242,-4.721046065,-0.240824461,0.544423106,-5.685856389,0.800032012,2.160768543,-1.635311892,0.520530212,-0.132933165,5.051850216,4.908258471,4.104616031,-1.927270429,1.578356068,-10.61994679,-9.424259773,2.789786301,-11.13810675
Sa.M.D.27,5.569785907,5.517917756,1.762897337,1.3048593,4.979678379,-1.529115231,0.891110402,5.303624701,4.015814146,0.60746589,-0.21728667,2.795838625,1.855442278,-3.242938177,-7.069337205,4.093835367,-10.37072441,-3.395411843,-9.377028616,-0.921212645,0.982516312,-6.027629335,-5.894170206,-2.042580569,2.726585483,2.631108366,-1.613514401,0.597638579,1.056819124,-8.192980286,1.52493234,-2.25375055,0.47029955,4.320027273,2.588246955,4.331214736,1.974354985,-1.262817235,1.128342822,2.170303291,2.346213863,-4.136376395
Sa.M.D.29,5.320833534,6.010771561,3.000240321,4.061232622,3.921321503,-11.31914999,1.098771641,2.789315143,4.161191612,2.806212384,2.651026584,1.106561534,0.668971239,-3.599722566,1.229506591,6.358411161,-3.148854595,-2.684981272,-4.909770461,0.577411775,0.945864094,1.291234577,-8.082250203,2.035247765,-9.870578059,-6.642366482,0.72674537,-7.05337753,0.609552581,2.516788274,-8.665484244,-10.11033943,2.168876528,6.217872334,3.595406999,1.228355191,4.712484481,1.691715409,1.426849491,0.287591936,2.935135781,-2.064625189
Sa.M.D.31,6.327481446,6.91293406,4.211788549,2.804100841,6.390488455,-3.049768488,1.57448563,5.305540509,3.904755211,1.47998257,0.482238699,1.500216786,-0.780868685,0.726792683,-3.371673277,4.922068541,-6.191642263,-4.175919365,-12.70761105,0.026731483,-7.545105214,2.687235024,3.937878229,-4.425286376,-3.250872003,5.499293087,-3.21660976,-15.72586027,-9.31361874,-5.851891586,0.194482925,0.933273209,3.496326576,4.560218827,2.735676044,3.163413232,1.990736501,1.941044963,1.697919959,-0.530826323,3.265654364,-2.535204997
Sa.M.D.32,5.61408496,5.640914256,3.501406304,-2.82782355,5.796894109,-8.036183099,-7.027503018,7.080317613,4.4408278,3.04208726,-4.569699786,1.162071822,2.883224065,-2.448294807,-4.274211423,-3.631728768,-4.478382204,-8.552179402,-6.295163415,2.296395695,1.638587755,0.470703142,-17.74174914,1.639813494,-4.701788211,4.20889658,1.413523226,-1.985459197,1.749543365,2.715712114,2.375532901,1.140315616,1.548908847,5.540722532,5.632010448,5.830117542,2.445816197,0.516912242,3.964050151,2.193971782,-8.46485148,-1.448344319
Sa.M.D.36,6.731373463,7.269398499,2.854784284,1.61299682,5.900832044,-6.922247735,0.271184477,4.706200797,2.901469745,0.994300151,-0.784660514,-0.004125677,2.026293674,-1.262394498,2.028052147,3.297692944,-5.130690483,-7.435257703,-3.703283762,-7.011888124,1.702048737,-7.397662457,-0.551294696,0.034128587,-9.664692182,-0.164341225,0.13943751,-1.389846783,1.502365998,0.47234695,-7.549593913,1.735748475,2.453535579,4.546902842,3.784206005,4.294834115,5.298718297,0.245771719,3.891260312,-12.01163202,1.375598827,-1.087871226
Sb.F.D.37,6.551425514,6.626785228,5.673872382,-1.998334046,6.715560004,-3.88289606,-2.260195396,3.21554922,4.455218423,1.963000615,-2.254318342,3.456106811,-7.30116802,-4.993306085,2.733829526,4.557368876,-7.984348427,-3.774576794,-6.163723684,-2.93921797,-3.655409866,-9.688076215,0.788337522,2.24081825,1.801090322,4.860989272,-4.071243116,-2.030772725,2.719144537,2.820905292,-3.867076528,-1.502121794,2.715956236,5.87081605,3.301082942,5.258486229,-0.72046321,2.433489395,3.105043734,-7.233798936,-8.085619099,0.541789932
Sb.F.D.39,5.179970649,5.162833276,3.171125203,3.099518393,3.563648193,-8.230411256,0.838171726,4.052997266,4.348620881,3.597144964,2.397555271,1.123014319,2.100787169,0.586341403,1.178926071,4.596427337,-9.61857104,-8.90226068,-5.548962148,-15.80079033,1.419989058,0.336396254,-5.24550498,0.73750393,-9.615330383,3.817604575,0.394338889,-1.939147196,0.389657287,2.492781251,-0.141371722,-0.01326051,0.397571364,4.447855526,3.45678725,4.282534111,5.75560719,-0.990564127,-7.013110572,-0.274153409,0.961045785,-0.553316237
Sb.F.D.44,4.569393658,5.095240137,2.964127102,1.918795004,3.122785824,-6.14609018,-2.4594674,3.911076309,2.802261967,0.802365963,-0.524860975,2.443167097,1.627118378,0.886349964,0.463673148,2.654116567,-10.39111088,-10.87706782,-5.900775272,-9.442216019,0.034150342,1.352273788,2.014960907,1.708993547,-2.382643644,1.395833396,-7.073399119,-2.307706017,-1.405344084,-0.394664374,-0.381353531,0.611577745,1.644444504,5.862453699,3.338122432,3.018760651,3.637608738,-0.148590222,-0.751390325,-1.119049241,3.73515936,0.090918873
Sb.F.D.45,4.142266221,5.269003885,3.544974441,1.125184027,5.229265607,-16.23890056,-1.15282507,3.818699055,3.031862108,0.556044892,-1.390673962,1.600472205,-1.477883041,-0.560505815,1.291932592,3.211187022,-7.043756174,-5.378944397,-9.316042506,-0.371004515,-1.651917872,1.626217147,-0.883469925,1.050502941,-0.994753226,1.130694404,-8.442468437,-1.211513154,1.302450339,1.550425815,-0.726338504,0.394963689,2.088755077,4.896734396,2.822408429,3.457103515,2.812926887,0.340923185,-0.231049097,-0.600128611,2.591984668,-1.214807676
Sb.M.D.38,4.356176829,6.048881365,3.633221738,2.337827072,4.887516255,-12.39471445,1.137140224,3.453086195,3.749661412,2.509880109,1.376776285,1.271718689,2.11704218,-6.240044869,0.392613947,4.320254652,-5.191803331,-6.639163674,-10.61174969,1.784181051,0.827339315,1.1446039,2.135939829,1.286819356,-1.868733305,0.527449461,-7.849428316,-7.886433988,-2.023008146,-4.697390809,0.350995224,0.466944979,1.964336888,5.799625109,4.354779127,3.900937792,-0.579084313,1.281513704,0.653604006,0.032321741,-0.147134054,-1.974499489
Sb.M.D.41,6.092242743,6.91148481,4.688402571,2.999691856,5.664098243,-6.067303325,-3.043863737,4.753185686,1.190744664,3.409076502,1.768719641,-2.102637316,2.458920524,2.179385033,4.791698762,-8.956577622,-2.780364585,-2.176973575,-7.853863761,-8.307801464,-0.16078034,2.936879918,-2.777763038,-6.667375631,-13.14183237,4.910124623,-17.28494727,2.243273704,3.349862857,4.51387614,2.186706934,-2.385421796,3.394389751,5.593724578,5.287319178,-1.860371897,-5.116136214,2.517855607,3.306091807,2.40007792,-0.66812516,1.804305046
Sb.M.D.42,3.608020641,4.33790824,3.797251343,0.744313143,3.233952322,-9.980881563,1.246124985,3.10790501,3.426659136,1.978319232,1.45886204,-1.233351175,1.155773538,0.583320858,1.04832586,2.681155779,-11.34343709,-11.44227593,-10.91998233,-1.036603692,-0.539400849,0.414717972,0.042325915,0.404129718,1.282330363,1.126692419,-1.152978971,-1.945211631,1.326812217,2.760070501,0.408796853,-2.211731317,0.452040807,5.219402569,4.516249358,3.92290351,4.220939353,-0.058853997,-5.344048403,-1.873381415,1.239384676,-0.662550003
Sb.M.D.43,6.649890327,6.144548687,5.097291536,-7.21712499,6.059395772,-4.290098054,-0.45983841,2.962382597,2.571468683,-2.897786614,-3.146712553,3.244951415,-0.379827259,-5.80447653,1.224379016,2.599125499,-6.555434487,-9.379209007,-3.845483049,-4.455442109,-0.32871686,0.326295462,0.553298473,-0.237190047,0.068956707,3.225628365,-1.446342139,-4.516536316,0.27944697,1.289175986,-4.523043004,-1.771019654,2.029111976,5.504417556,3.452253654,5.912941774,4.003702011,0.577161285,-3.665015073,1.582020551,2.803908879,-3.242457028
Sb.M.D.46,4.152814798,5.579572096,3.504965159,-0.248205114,4.529110478,-12.73302857,1.165853478,3.338735821,4.259766407,0.281897974,2.432118095,3.03570336,1.195042001,3.01007494,2.720162989,4.189593633,-7.593638486,-9.241427394,-3.698072314,0.546353973,1.560800978,-1.061005527,0.979542534,-7.181431461,3.194673073,2.681827648,-0.615361446,-0.753578861,0.381612194,1.290687251,0.169850102,0.862514524,0.272345052,5.750611812,4.114750052,3.255669812,5.150292331,-0.527828789,3.981919237,-16.7188132,-4.169028553,-13.04744208