OTUID,PC1,PC2,PC3
2830936fa78b8eb81392f0ec13b0265e,-0.004772542,0.003078716,0.007096968
e03395f59773fe185bba1ba3801e16a3,0.017352379,-0.005172318,-0.013245935
7e2e78a9729f2b4c1c14a3ae0ba02c90,0.008236108,0.009138711,0.011505848
a15a81e782c92b760485857c5d2166a1,0.059520233,0.06393471,0.068498275
26edf7034861fee25cdbd5122b43ac4c,-0.008944299,0.005809042,0.012879399
562c7ec7474c10e6a9c297ae2e748abb,-0.006823204,-0.011759888,-0.017164057
8287c0f8871af1bd9ba7b2d9b843e6b5,-0.004133699,0.017778436,0.016342072
91391e316ea3c8782c0538df44a94889,-0.013257558,-0.003768027,-0.028522445
6bd371e6c96fc8cfcbed6b35f30986d7,-0.069894565,0.02121215,-0.050623803
53f5a9411633b7e35e9ee22cc9361d91,2.74E-05,-0.001067638,-0.000229587
83e200e6aa49b79396f052dd3db97e6b,-0.056312904,0.016944066,0.045609886
6e77dc22549bc580ea4a9b2960726633,-0.022676591,-0.003091731,0.019560523
4f38747c471b916678b11b424288eba1,0.141423215,-0.046895145,0.052102697
bf141f3e26b9dacd0031e06f7f4c5d73,0.075015061,-0.010219511,0.04875418
495b58edf87c64625f022d0a9311fdfb,-0.002820797,0.011832179,0.011113432
c2efd036d3cd38fa51a402cfde240c7f,0.034619961,-0.00645212,0.017220437
6f42e7b96e8a24791725bba34746006f,-0.001350239,-0.003185138,0.003358048
671647a7b6ca3a0f38dbc37ee2455a73,-0.023038343,0.027793631,-0.071003826
dfefd1601becbc23d361edaeaacc9b13,0.000536021,-0.003371174,-0.002255123
9388bbd7fed28eaaedeb7562b1d54cff,0.009546822,-0.043579694,-0.025815987
3ccb3cc712e0db60d7f9b06bde056a8a,-0.059233382,-0.181627296,-0.027755205
766ce8e61917254b65b9bd0080a454fb,-0.000719756,0.043732136,0.011428483
ef62ea4fdf71f8aaed2a6302cd24a663,0.022446766,0.024295308,0.029466372
02f7a1e1f9e36c93ee6d78dde2840444,-0.000961554,0.010947449,0.020579795
0fd27b83707067ed757bd57003750993,-0.012584879,0.075524827,-0.041711889
31f5108e417536069d7c965ba80fd3f1,0.001451785,-0.01649853,-0.005294646
409a8f17b61dc5b7ae27aeeef7998d1a,-0.084549788,0.028746728,-0.006774751
13145f7761fff8fe14387e399c140328,-0.001445435,0.003249366,0.00650048
f7ac00fde65dc7cc52461ee8fcccd69e,0.004689947,0.002346521,0.003050953
485637007c45f1cfeda9f4bb0533209b,0.001481541,-0.001014448,-0.001571757
a060b26dc01eeaf5310000ded21ed9ce,-0.026544633,0.039452063,0.043683526
c657c4c64078d386a5794708ba0541d4,0.002029962,0.004001478,0.005851644
6b4e287f62936fffb83649f43a1747a3,-0.02093712,0.006323263,0.017345951
f3caf20b2854f7b4101b5dd2ec388336,0.027886004,-0.005184793,0.014048374
6b6fc04b07449191694e7cb35d1abe2b,-0.003289914,-0.008895275,0.00778925
cdd34c161813f6bb82f0815a945f8bce,-0.067087742,-0.064182852,-0.02852118
e335fe05db3bf95ed9ccc2e66bd0619b,-0.032731217,-0.004524674,0.027963284
d2bc256d34795bf5f9b7aabedeabad10,0.030637279,-0.031599029,-0.029742151
4f19e9b7154e33a650b0cab4dda15abf,0.010272249,-0.011457976,-0.037566279
8b74089f59b28e641f2c8c736707f8b2,-0.000892912,0.001818596,0.003906463
037ba741716f5d4107cde1d87b8b8f2f,-0.000377891,0.000484937,0.00148851
52799c4ab1c347c6c0cc265bc2500206,-0.000813632,0.004004175,0.007911579
1592fff2ae6d6575c766717bd165a87e,-0.008178854,0.001602592,-0.002940153
b2593179e047810737f72152f0e198c3,-0.000917262,-0.001072989,-0.000726303
7786876ab3a71f968071637f19a21263,0.000961546,-0.007889021,-0.013781088
bcf5aacdad10d622fbec38d37cf03fd9,-0.002455272,0.010176681,0.009657726
83ec17c8ff3a35fa17e6b01f3a60bb07,-0.040745163,0.0286172,0.00035976
5c796f9604f9d0b74a248031970f983f,0.005041887,0.020329687,-0.03283292
0ef8a96546b44b6f525f635d0d38dcf1,0.023438768,0.054370152,-0.043915644
8d0c2101ec6163aada13689c3527c0d7,0.003191514,0.020869802,-0.005797854
32ab1812bd3770f4b7f6aad7273783da,-0.003386273,-0.005324077,-0.006236919
9db2817f5c42be6a7bcbca662959982d,-0.000131043,9.86E-07,0.000667128
f12a0a185eac530144304b1b954cfcd7,-0.046868381,0.040529502,-0.063326186
88225cc82ff505ea2dd06249eee6354c,0.001074798,0.001500706,0.002454834
28950392480175d18f998b8490212d9f,0.003827616,-0.001210143,-5.73E-05
7a1a7d3362a2f4e3bb2b0f088b9a6b84,0.013779589,-0.1015631,-0.025144416
6717f7e13344eb704d2f29f6c7d39ed5,-0.007486229,-0.007630188,-0.008365251
f02f4c216369c6a2e4ee447ffe47fddd,-0.004884498,0.031277842,0.057657549
3f2fa448ee31928a1acd85149d7bc88e,0.000917037,-0.000644992,-0.000789303
95d5c26e5a939615d46e26659e68afcb,-0.125779852,0.142683983,0.218823172
f3b0d49862a8a72a3842d1270490a899,0.020245829,0.006141203,-0.039567267
906194542e0e0dcf3cdeedbddf62c978,0.001712735,0.075180989,0.028771946
44e43bca76ab21066075bb6c577297b0,-0.00722464,0.008997831,0.007034177
f04a029a175f31779bb6a101c845618d,-0.019893853,-0.014351718,-0.013440088
b5533a4bc2fe6e811c84fedf3ff262f7,-0.00101002,0.005319923,0.010311446
0b75b287b26e29e57b99fef760332820,0.017167622,-0.005809886,-0.069699377
d70fc0c6e542624355b502ce737f1a2a,0.01053416,0.042108565,-0.029080521
db56e5074702a5bc6ca3f45cc5dae9e5,-0.001759977,-0.002523957,-0.002607169
2364000784a57f89cf0fe95d0e20e902,0.012916101,0.067583811,-0.034289648
f6bad87d1c401e3d9c5fbcc7fc0a385b,-0.069357124,-0.025029714,0.033479608
781dbc76389f59d77d772c55d7e26b94,-0.000919575,-0.011485791,-0.011863448
15fceee5bfa7b4b1d6f2c0b0c4aa23ae,-0.01212975,0.046058684,-0.052653511
cdd9cf2b5aa8b0deb2ae626920c84047,-0.001119195,0.000687678,0.002033098
ed02a0efa2204d69b08e4b7ce0f33735,-0.062366135,0.074281658,0.004449525
2a4cdb0ae582b4dfb292ecb09ce35fc8,-0.000172895,0.000547894,0.00123089
4127ed1a1e8f9dac46c2895299b26505,0.021896737,-0.002660015,0.01735797
50cd083aab911d938d1ec95b952e0800,0.000606945,-0.000774354,-0.000328748
55dee2d030fe20f0dc65fa50013f6bf3,0.007493484,0.001207982,-0.005652939
3d5b21ec3c1f0646ee21d64a7dca127b,0.231700219,0.008027292,0.175609333
22d7184cd858530b22b309452b109b29,1.11E-06,-0.001454357,-0.002044543
58b5685a1597c15a2d9c22dab5a18460,0.033869654,0.087395273,-0.078236356
b7ea37ac8dd3468fac014effec9456ec,0.000556517,-0.00603719,-0.00766984
970d93b4b6cce9a2f478426b3dcc0758,0.06226733,-0.015086056,0.035986836
ba4ae23fecab62c13b3a1106dd9776c0,-0.002505045,-0.003806798,-0.004270095
c112f92eb423338a305270480625515b,0.000159494,0.000524475,0.001298002
0984051727226a32b612176a14671164,-0.006264725,-0.031807874,0.011365107
8df052e31cc0671f3a313c5423a12f09,0.000565559,-0.004366979,-0.006221615
6094b87cc526c2fe38821fd79c341592,-0.00705269,0.00279291,-0.020323188
fec7d8914d49f8b957194588ef43577b,0.003195369,0.001502902,-0.002070681
3343dce1d810ee6a49ec598e129123ed,-0.000107464,-0.000726953,-0.00071779
33a0f7c122696ae451dec48092073e2e,0.009771783,0.01334568,-0.016477215
00c994cd8a8a32ac2d84c4e5fb102c52,-0.001269048,-0.007637733,-0.006707871
d0a641c0e30d3c2f5b1e191958edb292,-0.00762082,0.002169087,-0.00152544
fbda73f20d8c7e827a5e18e519aa4bf4,0.022549536,-0.009519739,-0.011773065
2713a71a27233eec09f64b8271ea1ad8,-0.004605879,0.000709684,-0.001927906
1827fabd2044d83eada6ddb4ec8f9cf9,0.066928918,-0.017955578,-0.002788182
de6c0e70f2a0447dbde5bf28b7262afe,-0.007425445,0.049382151,0.083530828
fb6e8b121041ec1be9b14e22d0fbfde0,0.007221415,-0.004771074,-0.00952774
b6fd03bb3ff388eeb947c5688c2c2c91,0.013301852,-0.034748359,-0.017856367
048284821f89153b97c61a08fb10b439,-0.062583293,0.020157455,-0.024688493
1d131e24c3e4cbd0f38e3867eec1b19a,0.116229753,0.014125364,-0.086166534
4e924b2ecf3e11ac4efdcb06d3025e64,-0.007486229,-0.007630188,-0.008365251
d7588aeeb977c28669ec2683d2143331,-0.019102818,-0.007932987,-0.004852623
afee48b3135bdb67d2344480e8e0c7e0,-0.001391109,0.007873114,0.014968354
44186a619517f8e0134517940d34ecca,0.022668049,-0.028270308,-0.026018262
8ecb3e02a7acd96705765dfd80d1a54e,-0.085329124,-0.042524812,-0.113528041
5197bda5a284fcb25f043e060d354a76,-0.001470439,0.007704895,0.00316159
da91dca9400c1074c8b3aaad02179172,0.067994975,-0.012733278,0.0329419
894a36acf9f28962195c732cea4bd05e,0.012758769,-0.005717684,-0.007240545
64156b83ab9947a3c1d4786ab96ed863,0.003666727,0.023751909,-0.006714164
b9d88415152fcda9c932b5038c90ab54,-0.026887228,0.008513751,0.044404255
7b44e40a89e8574655471cc3be7860ab,0.000211459,-0.009375405,0.002430961
fc8d5e9ee604b85bb84682fd1c259d2c,0.057429032,0.04438999,0.066243248
1b566b7bf5c42e8bcb5a4161f82314c0,-0.054449373,0.050079985,-0.053410267
36b98f19680ac6cbdf7f6a9c591556a1,-0.002350637,-0.010612048,-0.016150296
927b8ebb8f642dfa25d4844e1814bae8,-0.005107283,0.002198232,0.003734138
b0b8eaf435a2fbfeaf4e0f5b20237e22,-0.004137013,-0.000449548,0.004066794
0f46fe53a2a8c8982830b4a562c4d940,0.011476081,-0.003408088,-0.008550991
0d29df19970ea905afe22be7949d0b3d,-0.070159975,0.016083089,0.048855364
1279d3b58e227d2edde9455ab9970c99,-0.002945853,0.00239881,0.002278418
1c315cbac7b856b1cfd391f9ffecdabc,-0.006617376,-0.038619903,0.013115744
1c81489b2c124eaec4ef972bc2d12305,0.010533515,-0.021343802,0.021457528
0b402e7d8e9e34bbf4ad81d6887c9c37,-0.011788379,0.005064041,0.007750539
fb3d50dfbf4f31a0e858d084f82adc99,-0.000916166,-0.00500255,-0.004152161
fc7cd58a4836f5af780d4084bbfa433d,0.01058557,0.001648653,-0.00823703
558893a049e13567bc4d7d971b47324d,0.040549159,-0.007567991,0.020013415
d2e9260763d42ee5577341baa9574ac3,0.014263902,0.023614062,0.037329312
496acfe38ab78a3c1ef473250dd6ce2d,-0.001710448,-0.016793411,-0.039734646
927293004bc9266864f35d9a3fdf0295,-0.022355642,-0.003045991,0.019292302
56d177c4905381fe0a98730e8dd1cb1c,-0.000316497,0.013523451,0.000689142
84cb6849533619eeab7c80b0b755531a,0.005706958,0.025113814,-0.040403867
a67d749cf07f46ba04324c64023e6434,0.002884729,-0.000819942,-0.035420493
22be5d44baaebd16725f9a6ab35cb37c,-0.016559907,-0.004234291,-0.053931115
073306577f6257f3b1b00983350a5629,-0.081707754,0.003826865,-0.078043316
7f04c6e26a0f7e218cabf9ddbd908123,0.071637368,0.048275613,0.058424549
0e8170ec4f020054ac7bb71e37053f60,0.102028183,0.01905156,0.062600048
2223ab038b470d87c16e3781939f5198,-0.003462293,0.00107683,0.003384214
47a1a4e3e3e85cd51a01e574170da636,-0.003160911,0.025563539,0.009538274
321ef56b48735e59e8c473ffd7bd571f,-0.003246045,-0.004855942,0.000247935
56891eb78443c223ea7c0cda694397ef,-0.026433629,0.04737503,-0.067836945
74283a8999955a359246b24c8a5fd73a,0.006698249,0.001236772,0.002828731
5c8e5a64b644650ad4173c9e7d012e83,0.006523273,0.000291552,-0.002537141
5dcb8be6207a0ee0d9314175ba9b65e8,-0.003243932,-0.029549693,0.0048143
5a62fe8cc387f297d4227f81dd985630,0.011734069,-0.038759759,-0.023308524
e5ce7ab8a6a0d4696470494317b88a45,0.006901666,-0.000875971,0.005257662
de230e564aca24708f3601cb7e48cdde,0.000410588,0.001998495,-0.000664575
85dbe07ff898699cc22a0a4c32d4569b,-0.003162326,0.003185691,0.004757687
7a80e461b426db2a94347568ab91cfd3,0.02401118,-0.037366099,-0.043162342
a73059e7552d229e22dc40eae84c0d6a,-0.087890232,0.04341262,-0.097177221
ff3211ae2f6d2d9ed376c87998ff2469,-0.001642631,0.000320718,0.003335037
b84099ceb41d082eab842ebaef396b9d,0.025876567,-0.015881803,-0.027739104
334109cbb0426378862b2db8880f483f,-0.002576029,-0.006793696,0.006158375
ddfb334b38f76fcae15deeb2e2cbd225,0.004869869,-0.00675309,0.003752039
6b1044f6d890023359cef3ce1e5e4b13,-0.001535128,-0.002136817,-0.002105327
b7be8b132c79882c81a073ca96b61825,-0.058023328,0.010983293,-0.026419635
c1f2221efdfa31794e7181959359efee,-0.025885256,0.007850696,-0.008528509
5d3c6833a8aa7d4944f84d2d047e6f3a,0.000744022,-0.006431675,-0.011122953
60628d489b5f833cdd7d8113f7375ef7,-0.000915363,0.003596456,0.017063526
b653cd324bd5bab383d0ea320f84d618,-0.001093978,0.010138631,0.015647492
44ad4e0381fd378374db81830428db21,-0.010212868,-0.018667016,-0.025003582
17ccac0ade0feabc82892815a944cd0a,0.003096973,0.010987653,-0.011846711
f30fcff7aa05e31a64283dcf83b7ddd8,0.171216707,-0.082671638,-0.024473417
bc5c8a689a2e4b27e87fb0bf7c02b6c9,0.007663076,0.063838727,-0.024594172
591202ddb8ea1495e157c653f95761ae,0.027987687,-0.082385342,-0.062520836
98402e8eb3eb4ce897252607afe127e9,-0.014860652,-0.045235187,-0.099535612
c82870cd9d4730bc71f54e84a677293a,-0.037120604,0.012235259,0.059380113
0a55ab9827a6d0ebc61bbb4c07ec938c,-0.028924099,-0.005176737,0.019551195
5a0eb5e157f2247bc5e90450f9b8f7b4,0.017999025,0.009148238,-0.001225223
cb2e1631d2feff2f7577e56d70523389,-0.017221911,-0.002314353,0.015001987
13d745858f32097441203632ba2ce081,0.027385113,-0.00626299,0.012536659
c17f77d505bf155b8d2bad07412618bb,-0.000216672,0.000199575,0.000773844
ab4593fe4699d655fe9b01788a130ee7,0.030075298,0.018199845,-0.059132834
7ea7694666ce4886401b8fa0da972334,-0.009586591,0.114044661,0.047894845
e389ca68fd1eb42c5c6e0766c3769f26,-0.013134909,-0.029727045,-0.042457057
c4c273c066d2747d4e3bf6e93257dfd7,0.007509473,0.01704754,-0.022639919
1ca3e15dd631a9b8ddfedd30ff1c2b52,0.0080579,-0.001035291,0.00597964
dca07275b4dbd6b42bba6b48639cf14f,-0.042933314,0.14104023,-0.003904475
04abc87e44c7bc41f73d63bf1f9945b4,0.000358071,-0.002565218,-0.001546433
017673690fcd83be8ce038738578ba1a,0.008199859,0.010174978,-0.007382649
ca329a9bc16237ef1a59e85ad09eb7f3,0.003354991,-0.031068044,-0.009893914
95873fb830be900fc363be5993a706de,-0.019664296,-0.021297952,-0.025236027
a830075709b2dc5517bba0ef7b86f8ac,0.007095556,-0.007153233,-0.012949945
d582a7448037a55387ba0ce001f69a93,-0.06626515,0.005389912,-0.059010298
5d1f5d4d7f3abcec9f638c9a5c061396,0.009224839,-0.073294317,-0.020769028
412292dba0332df0eae4cdf0b09eb6db,-0.000718231,-0.003524453,-0.002718641
2801499a120ab69b9a32f66b199a047f,0.001778024,0.046643486,0.002516013
e45bd14df630a27dcbd7b72fbc89af8a,0.001595276,-0.000676783,-0.000295166
3a2cefb8e70e09cc6bc5d32dc7507414,0.008021757,-0.002371003,-0.005791115
540721b4095a2a1f6d2546c5bda83fd6,-0.025231529,-0.062684352,0.03201535
e6d4211c886ef09dc5fb9a548b37647d,-0.002859464,0.023396437,0.019129026
5e6d7d0c40fbebed2f3e52a52129d026,-0.002277762,0.000721201,0.002437817
a625086ae2d4cb64aea4bd3bc3b9b5dd,0.006266557,0.019237664,-0.014042579
655385616244d27417bc34f6b31ed230,-0.002781313,-0.00428247,-0.004886701
2f08b82ec9f4a2ab61dd980df34c305f,-0.006264957,-0.010018564,-0.010052762
87cc51859facc881d27dabc8a3f77c23,0.025541718,-0.050538859,-0.028060834
b71e88af297d8162d21fa4ef9c74237b,0.007900689,0.012828173,0.017243179
cc20a9b7a82b732d3680f7243d78b87a,-0.009250701,0.002068485,-0.003242791
0b884445c989f7c42cf798f0f8889d63,0.027490907,0.032227185,-0.043498726
351edd3b44ba553fc8ba7e678a9515eb,1.11E-06,-0.001454357,-0.002044543
ff6daec569f11e8ecd88a1eb1f6d0678,0.045860854,-0.051144126,-0.042502685
8d97ff127f62c80fbfd8179c507daa79,0.005269205,0.033470741,-0.009804078
499eec271fc240cb6c2c58a4671fc2e8,-0.003710661,0.086181185,0.006311749
02dc10fc031e0343db3a4bd090423af0,0.003547001,-0.000305773,-0.002228379
d03efb9fe686951832baf81c721321ac,0.028721636,-0.036627733,-0.057132541
7046389df4f010e281130ee94e13e6e5,0.000158988,-0.000905325,-0.001032063
bb2dcd479762631b22470540c8c2c76a,0.011964825,-0.002188436,0.006548625
501ef6cc75fb160180e332ba60a60df8,0.131608878,-0.006905385,0.05225605
b2ffd37f3c9fe137a46985d36ea7c053,-0.011495996,0.010171996,0.020304641
5497318e515a8c328a68f95975d9c7d4,0.000606945,-0.000774354,-0.000328748
e0e562a1f160ebed0b359e973000ecf4,0.000744022,-0.006431675,-0.011122953
78c04e6690df9f7c6b8173c569cd0090,-0.000388355,0.005155974,0.005406851
ff46ec2cd6509377415be5cb7331dd14,0.01471996,0.060415424,0.000296892
dede68dbc0661af0f11541605b3b9d5b,-0.145250197,0.036429184,0.058403969
35b9e6704487e5018b75193200396dbe,0.000471984,0.009582094,-0.004178265
e8cb076ba4882785b00e00a016c2a387,0.001481541,-0.001014448,-0.001571757
ab2bfb86c1caa884497b8339f51705e6,-0.000718231,-0.003524453,-0.002718641
60c596979e50a9817826428c7b77f205,0.005387846,-0.000667377,0.004312399
6b3324b8695422bc0f1008b5e662f1f6,-0.003938806,-0.010805524,0.009271649
82c448c1808ec28bd3b550b0460519cb,-0.044246939,-0.070511814,0.047273148
5dcf5c868e2533da4f7d916d9c39d0e3,-0.01046481,-0.010807039,-0.01212981
29528929169afb5eebb33bb246161661,-0.005140611,0.110200533,0.047050472
5e84c418cf9c873bfc327b8bb46d3062,-0.019122776,-0.076066215,0.029303118
ffebd5d85f80640bb464e5d5c6810f38,0.0511963,0.04232822,-0.017841655
157e89624b31f9270751ab769c8d62e3,0.000779408,0.006240673,-0.001146806
82a223ee6574024f2a4a932521288874,-0.008880538,0.022518263,0.015717513
4c294f9a88e58b0e40a2b19f4658c209,-0.026577683,0.009406157,0.08497338
c6c3749b461fefb9e7e3625da56d010c,0.00908451,-0.022401981,-0.023923081
2356e68432cd80eea65bbce2264e04eb,0.010228006,-0.009664968,-0.017942989
e2e53e45a5fad1bae2a096656f857bde,0.033621369,0.025163464,-0.029142415
65d06cefcac0035b9d5a6d5ef23186e3,-0.013975937,-0.00976274,0.01679934
462e83448fdf7cc3f7b447f093519d8e,0.035129971,-0.098929908,-0.062465202
ccb50b4c61c5606871d4ba6c56bca425,-0.005312868,-0.030708227,0.01060038
a38cb31122c7c0e8801b567e822e9869,0.001074798,0.001500706,0.002454834
1cff266692eeb22c266d2d026b09ca0a,-0.005321723,0.048885589,-0.00659412
2695cf85684078bae98b3eec737cfd15,0.004365333,0.012836,-0.020251071
bec31f8bb9bfe95e604020fb80d39678,0.000961546,-0.007889021,-0.013781088
c40234c919695233c0999196296cf3f4,0.014240806,-0.001699896,-0.012885431
1b3f52868a4bd07fc2a020baf2d5b319,-0.04398639,0.011338343,-0.0940156
183474bdf8b4f315c0beec28e345299e,0.034944842,0.058273079,-0.0541057
6762f067004d6aaf03e131384f3d934c,0.000963791,-0.010285441,-0.002762709
8774a331c9dea4c993f7f6d19b09d310,-0.004205738,-0.001511509,0.004135502
594a9935aa02619a771611328afe3d58,0.005997199,0.00166475,-0.004346405
6c2a9a5a94270ee454cfb2dea1d31449,0.144715437,-0.03319183,0.08221635
616e358bedbcccca7be7c090386db993,-0.023212623,-0.02179824,0.029118959
a31b8bc30e79657573910e8a7247e406,-0.01982561,-0.007653536,-0.041776863
3d491f0bf6b646ebe36af0a3911500f8,0.006025561,-0.001771689,-0.004196229
eb405178420357d8e11655013cb8992a,0.001235269,-0.020140317,-0.023833082
626b211bc5b767a81baff0e352ac709b,0.007995249,0.050003858,-0.015060462
2dbf7db8642cf5c09adc10d2a0ca0bd2,0.01346864,-0.011401744,-0.01928999
1022625f50664466f3f838919a566dad,0.000500411,0.108673457,-0.00710064
8991b9a2d7d944874c70940c52d12079,0.007493484,0.001207982,-0.005652939
b44871d2c185c51f96f4503e5b9de755,-0.059397447,0.043540196,-0.04717196
141fde2384bba13b1d89a916d250873e,-0.006269244,-0.002351958,0.005865852
e4b2d86ea043bd6637c74127c88019da,0.000723596,-0.004220716,-0.003002139
8b10729807dce6ee9e58e0f62754b22d,-0.025454408,-0.090578216,0.072215282
9f85c932d39ddb56e39270932eeb7210,-0.002891461,0.012792688,0.011660515
d805ca9cd4cf10195e8fe4a968b74bf5,0.05956662,-0.010364943,0.025525718
7b9b79b802f8de25134451c768e4f3bb,-0.013668984,-0.074179389,0.10276421
069e24ca94149c4e1067c9fa00db4645,0.006784713,-0.002902755,-0.003414843
6b75e2e7294086dbf4f8b1a1a02b059b,0.000377922,0.004661175,0.005220121
78295ff2aa7daf2757ed939ae709c739,0.008368625,0.016103501,-0.01378556
17c4eca806c3f16af1f9471681f01db8,-0.122389679,-0.011602091,-0.02626991
4915e1ed903f15b962914e5784ab28ed,-0.004474278,0.001926709,0.003353601
96b94c469177b1c72e791cd46076a12e,-0.004137013,-0.000449548,0.004066794
27907d47e5be2a5285313f0bb81add58,0.10550612,-0.011835842,0.034909858
8fe3fbbf7d8726a39361531266254ab4,-0.024021846,-0.050041849,0.011921194
304db80bed00f5f3cbc01ec11fa7361b,0.001865101,-0.003449174,-0.0046174
932015ff3cf9b6798cb05e9587ec26d4,0.001508209,0.001962968,0.003002612
f80b86458a57e36db032eb798274d2d0,-0.00528915,-0.00831813,0.01644523
f7021abeb1c86d9debdf53c1105d7564,-0.023163593,-0.047164056,0.032437361
575ad9a9d65d496e01b35cd7fa593f63,0.003191514,0.020869802,-0.005797854
115a64008e6d49368ab1fa5f6c84e5df,-0.003222625,0.001457112,-0.015515556
465084837974817a984405790290791b,-0.030188701,-0.000772635,-0.017006451
4bd70e9335f891aaa8789b1d4ea09d2a,-0.001942661,0.000342712,-0.000264933
00ae9da5caac4ad21403591feaf70e95,0.000183094,-0.002673612,-0.004268411
98fe1bdec256f6dd8c7f7ef9bc3056fb,-0.002765429,0.002768706,0.004222096
07d4acc8a2ea286d7c9751cdc3d7a9c4,0.014458957,-0.020155634,0.004330017
e0dff9f216a991d089ce44c4fbfa0209,-0.003074334,-0.004786988,-0.005540699
2c9d5b5266350088efdec837ee5e7925,-0.021238169,-0.009741704,0.000213291
ae8d5fbe17dc52c3dd3f85e6e379f6a3,-0.014773691,-0.010729001,-0.018942238
b65f9b10da2a6b3f92473000dd0d0271,-0.00083692,0.001673603,0.003643588
929805da29bce3a9838d81700d0a5770,-0.02231101,-0.023522468,0.076920661
3f499f9d498f4e16bcfc16925d073f81,-0.005836989,-0.005871166,-0.006280815
3976e8f80163b344a2762953fa23682a,-0.021461074,-0.004494295,-0.011989443
6e2547ccce712ff48e77c5e75e989eee,0.014207686,0.025815443,-0.014341161
d5c1fc6b83b71f48ee76922048f001cb,-0.042761379,0.004609063,0.040419291
1e9e763a1444200b893bec125466cc3d,-0.045586707,-0.054104059,0.055773822
be09e708e9fbc1e888d217161390e4a1,0.008029262,-0.003436595,-0.004163014
8e11bc4aabd26aa7869fb38078a6bcb9,0.000961546,-0.007889021,-0.013781088
5b9d4d22e733d9cbd1a4c7bb2bcac261,0.00400741,0.011803735,-0.007411266
04b1e5208aa616291348bf83ef588368,0.033976428,-0.044210398,-0.032898877
b09af138a26a3344961df9ea80806fb6,0.001595475,-0.008169543,-0.006474407
aafed27a8935a2c61918bd7e1bfc5242,-0.007618866,-0.044693815,0.015046827
e021ab78885d70dca010d1fa8df73172,0.000473652,-0.004620271,-0.007819032
99b4b08d63c3459f7ad9f4a23395d664,0.012230429,0.001685274,0.017999039
4b6c5245a77d507964aab346bba9400a,0.017313092,-0.011714675,-0.014717977
e91c54f75605800ff097e5f547598e94,0.034240403,0.010235872,0.064897409
e8f9b2c4b7382c7ce6bb0d72a8d70cd8,-0.017787492,0.141780844,0.051527446
16de604c828c1720af35409ce302ae71,0.002432134,-0.011958849,-0.009806406
cbbbc828687b049a79525e48d7bfdbb4,-0.003118029,-0.008389268,0.007396577
656ec6fa98bf3e99676179d9cfab2166,0.000275905,0.00098138,0.001936741
32019c66790172c71844e2b0a681de98,0.125510911,0.024098329,0.099553495
cdcd7881dd554b7b792ba95f6c2a1194,0.015862054,-0.029110559,0.095548214
3017035b0bcc2b5a2d72911c26924bfb,0.006421791,-0.005134637,0.002762538
f2927f63d0fac48b320524929b935526,-0.005718826,0.002460549,0.004101772
6dbcbd4fb79bdbb1c9c828f0c474d855,0.003495852,-0.001492022,-0.001437714
c54feaed94b53803cf5bad847674d8b2,-0.120211543,0.007448783,0.04900282
b576dd97e73486e7039704edbc3173c3,0.030591462,0.007451896,-0.031021201
e15958f88a6aa222569802ee6702e35f,-0.004382257,-0.004319599,-0.004442212
96e7fd97c61af46606a9035c747e7efa,-0.006928854,0.028287543,-0.057446381
e02e7096eb36f8a869f87aa9b8f126f1,-0.002457195,0.001563371,0.003887687
d97cad18296d1efba1be9bc4f94d00c3,0.001595276,-0.000676783,-0.000295166
b28fab7a9402e4120b591cdfe72460cf,0.004814997,0.000826255,-0.003414498
117302156afa4a41d171bad5a4cd1b6d,0.002882537,0.016163764,0.006119154
253cac77622beee67585984850f4ea44,-0.11283014,0.020821799,-0.033421721
613f38d7296ca565b19118f0c7e6dc66,-0.036023316,0.049306965,0.054829358
471cb54e3355495ffbd668b1558444c9,-0.007203546,-0.042174953,0.014246003
e17039f15337254bd2763b00f659fc3e,0.009257144,-0.024393886,-0.000695763
81fe616f0ed61e1051455e5ef3eb2de3,-0.01434562,0.071365034,-0.004076857
020735da7f69488e303574c6a67ed6e6,-0.049291225,-0.039281541,0.041030722
148e92990bdc35868a84c8e339f8b1de,0.023708719,-0.00439863,0.012080643
8b3fef4e018c0eb2111e009b1d4cf29f,-0.037863413,-0.127144029,0.059569975
cf6c9c6476b95a21b84a1a33fda01ad2,-0.042222783,0.029333402,-0.03949828
07db7236c34176dbb9da3e966164989e,0.011722479,-0.067836535,-0.028426041
53455b29aa22e614a051eef644300bb8,-0.020378768,0.049972489,0.081230821
5b7aff44182cd9f4604f47aff8a08c28,0.068704707,-0.012866849,0.033276223
6f89433831e84d2ff3d523e2c0e78521,-0.0034034,-0.033252086,0.007130604
3d4b86113d3a0f9d4a24e37475b798ac,0.026606037,-0.010929164,-0.024719591
c32857fd4577a52b21a7f374218762ab,-0.030870805,0.005873204,-0.013629307
9b095f4aaa97f24647dd8d2935a82a55,0.055132364,-0.06723636,-0.060856464
544a9335d00c9ae9a991101fe84652e6,0.003460713,0.011238967,0.016921428
8dd8bc46e5dccd1cd39ec5888b89d715,-0.063883247,0.052507351,-0.052023878
acb75589460ae6d4878f232de1a1bbb6,0.015034462,-0.096130668,-0.035243719
4724f3070c88dabf497f14612afa6e44,0.003091201,0.01109787,0.011750616
b618ac816b8cb59acf85abc17c6530d6,-0.05085299,-0.010765033,-0.069689228
a86ce3f26b66da1717af3d881a02f1e2,-0.007577805,0.033377124,0.030058253
17c2d0ecc8d210a2f48e1d675de70adb,-0.009639634,-0.006467196,-0.006846705
9d2c79730b45d707ce7d8551ebb94778,0.001283057,0.005886948,-0.007504773
d1c8999e6adc3b16ba80f5eddb0df143,0.006345257,-0.004197647,-0.008313306
3cee4fdc9b0606c41d73ff6d521b9ddd,0.023023499,-0.06930106,-0.035952466
9ae17fe0f9b7b3659c8e0a9a343d5690,0.007797674,-0.002736805,-0.006532706
d08982a97786631332bddb0acc34c414,0.003354991,-0.031068044,-0.009893914
5fd6e64cd92b392298d93478774ae298,0.000921894,-0.005118829,-0.003791864
0e928791d9296675d8470a7dbc4dc32b,0.000359441,-0.02324367,0.005452395
a19d909a4e046128d765336a7e21e9d4,-0.007679335,-0.020565525,-0.02206343
cc116408b956f36a3b5dee06f75b77cb,-0.118030735,-0.020348865,-0.08663525
04a0f8ee3769969d7a09b018cefdda98,0.003377585,-0.000976693,-0.002080594
786899b7ac0d0763b6591e497c284a3d,0.012379534,-0.005302614,-0.00677822
f6f40ec3674f23bf31c70e3844f64df5,0.000511642,0.005659744,0.006188574
e40f44d375271beb835c474d8b774b2c,-0.005657591,-0.032798926,0.011265077
c36e10aa9f20a298fc1850e492dbdd2f,0.000744022,-0.006431675,-0.011122953
a8eb3e86e896febff5f3e223f84ba94b,-0.000683076,0.002150234,0.00259994
c6b35369ed06f745f91f01574461f3d7,-0.016312698,-0.012691505,-0.024002273
5cb99c99a8b5d8a5cc9bb97545ec0e6a,0.0161955,-0.002984647,0.008541505
49864a5c88f216801f4aedf73cbf722f,-0.002727169,0.005227695,0.00432463
44cf33df7beb76b48433dea605f29306,0.025569935,0.059935074,-0.035257179
a424e637e73437b8a67ecf994bed7c90,-0.002322099,0.000394996,-0.000501863
7c9bdd316565c9b02852327e0aef165d,-0.001128976,0.040236879,-0.005224692
3e8379736f1e8466c77b91217ef15d39,0.008653716,-0.00111739,0.006351681
af7dd51c7373cf129ab32fc2b6c604a3,0.05125682,0.023385097,0.085303534
e1f76db59e229ae1654da2dab7be3075,0.020664616,-0.034266696,-0.001717155
04f3f7763dcdf8806f11b351fb538b20,-0.010342767,-0.012146529,-0.011697505
34434f9fd8165e27e159a1e88db08695,-0.006999688,-0.002649462,0.006478364
86866c498af40dc9bd9276c5d901cf16,0.002251762,-0.110425596,-0.023536211
f5d4a282207b84e7bb02dacc0df4683b,0.003906711,-0.000728257,-0.007013077
9f33c9ca6b271bf2a2d6bf14373ba1cd,-0.03620822,0.011383294,-0.026024379
a2feca5a3bbe494996e67c8c12fb8043,0.008980005,0.001419835,-0.006895241
d5ffad6454efa123e62945a3c3acc4b5,-0.031405322,-0.002639959,-0.065897042
af06159964dcec994c779e9ad1d71f42,0.021143359,-0.02156403,-0.013422257
048342aa429b52ccebab890cc071e1b4,-0.01608276,-0.084884911,0.039138512
f70f5cce229a0639c8ae11f64220298c,0.012318433,0.007673827,-0.015852415
f99124d039753bedb5a091243aad9540,0.000102974,0.002138188,0.0001575
48614d865284251d0b9c97e1d3dc48a1,0.017448728,0.022162877,-0.028038048
6695396f5461c2a81ff54ee3d076e648,0.019097814,-0.081127222,-0.041816874
ac3f21250efa6d1af5889703e586a194,-0.055851945,0.012798243,0.038749979
7e5e3b94e9969d40a06252d41ebfd020,-0.078901554,-0.009452389,-0.056599707
f56e8ecfac5f476636eb05564abe289b,-0.051701624,-0.057748126,0.062140843
c4e22ac4eaa787617edf783d601d5ae6,0.001902973,0.013054958,-0.003313276
f359d6b12d6df77fce3684238719e6c2,0.033594414,0.003181476,-0.034082113
0c73e422dee03e527c532265dcb2a7a7,0.035475707,0.014895443,-0.046258918
118e5f5260120c3f2f11bab33a8f0ce5,0.01081741,0.025791407,-0.022864642
f17683910dea3e40f791d0d44174d003,0.004701957,0.030030451,-0.008710305
6a99cb981025400ae8cb89d30f56edb7,0.097355062,-0.018258829,0.046772112
4e44c40ec88103ebb8cf8af36ecf1289,-0.001048601,0.003805732,0.004055646
f9fc7a54d52b59a8c803082450b051cc,-0.004038515,0.004106226,0.005940059
49eaee38a8e7da278048b088811ece05,0.014322012,-0.008538733,-0.017847621
e8c0ebaf1027d78cc3b6a0e476d44d3d,-0.012871741,-0.057093708,0.007727705
7cefbd84096550f928dc50f3213dc415,0.030212477,0.011015049,-0.027438385
7e73db4de58d113d7deb1bc4673148d0,0.020915277,-0.054207406,0.05896385
a7ea85e24b031dcfaa6f9a074c3697a6,-0.010343737,-0.004011466,0.00928251
9a73e2e170eb7b9de6c433c72009c138,-0.088743816,0.076362984,0.081297203
fc7fe8a11f8601769081bf1e9a67fc5a,-0.066606177,0.021624033,0.044979441
11cdd7b22699fdf6ffd39b79e820de14,-0.014532816,-0.035743187,0.029667591
0fcce44f10a956f9e8ae4548ad43457d,0.005525666,-0.003661242,-0.007177279
dc19fad4fe2ce0873c54ce3e6165d1a7,-0.000809245,0.002721668,0.003102411
d757664837fdfefb4f89ff86da63cd07,0.016191858,-0.087778578,-0.04346349
90e38fe6b561a8f7d97340976b05d0cd,0.000759437,0.014970832,-0.002843723
0f09a1a342d71bec303289b4995f361e,-0.008461655,0.004032676,0.001214013
39d8ad693ffac6ecbe22912c271eb4ea,-0.002042158,-0.021891976,-0.023365725
c2641d52cb4e9866687dd032c7fc76e6,0.012783243,-0.003800535,-0.009595365
eb8821a30557b34eac1cb619bf6bc0ca,0.013702358,-0.005561011,-0.021924508
f0a134d3b512c8bf5408898edc18fdec,0.005677369,-0.001464048,-0.005413682
c58bed04d863d24a24073f2f15b2422e,0.014568104,0.069921787,-0.050608267
4f313def0b2a4afbb15d6c3ef4dd4177,0.028485847,0.070239548,-0.037930911
9a3ce3ec8a5f99330f5c7deb144226f6,0.02612692,-0.069836211,-0.044958198
2bd3cfa29dfb8caf4df3e7cb7e114e75,-0.001272503,0.004819806,0.004947338
85b9728e92eb1c0c69a65ceaea75b218,-0.008596006,0.043419591,0.014646658
ad51837b1891d534a88090528c5f48da,-0.031112133,0.011764463,0.021700698
fcdc68e0b16dc1b99bac090f88c93f1e,0.035421143,-0.017912544,-0.032506535
957dbf66776c71fe1dc2024d804c4950,0.012379534,-0.005302614,-0.00677822
4ad97273d5049542cdb907339f84cc2e,0.015158517,-0.017986153,-0.026066521
5a9dbb59a774f52d2adaaedc8b06a9df,-0.005107283,0.002198232,0.003734138
9abe00b8b4ec6913dc7a8764de55e6a1,-0.00083692,0.001673603,0.003643588
6c029f41c973b28f9573eb2977583452,-0.006634101,-0.006721338,-0.007288267
490315bcccb1208c349f223195d305bb,-0.007584434,0.007169597,0.003510128
1fbf9d823ddaf472cbe57190a6a9b724,-0.006808239,0.028068419,-0.03746706
95713713dace1a80343374c7b12b5947,0.000536021,-0.003371174,-0.002255123
160020b57a56698dadb2983e3c4c251c,0.011706028,-0.000214211,0.009324321
1fca44f98c1c0a9259463b7c2662f83f,0.00936608,-0.004010014,-0.004966655
195029daa2f631f91d457f9a6c84bc1c,-0.038896768,0.049501379,0.022408663
df38d15320e9129650c153312e8d6c73,0.010311525,-0.006751914,-0.021939118
c8c201cf669c528f272fad7379a025bb,0.032263007,0.020656152,-0.07563182
ffbb8c1350bd4458683c4cc180d8de07,-0.054795144,-0.063235897,0.060218921
03e7cecfb87da524a7f9d4d2c4cb161e,0.018350955,0.085205686,-0.033252189
3b5845f891550f5640bcd82e72ef3bf1,-0.000552144,0.001557232,0.002078504
aa40ba3a550577ed8b40f150d7f294f5,0.01889574,0.090886638,-0.055200774
66f756b99ad946ec24a958fb89a45dea,-0.099532793,0.071187265,0.005823058
e6be02669fa2b49a9cfd8e1c67426663,0.006025561,-0.001771689,-0.004196229
f99f2f6d1361f9463c991014d0fdc71a,0.00135612,-0.007085479,-0.005521172
2ead2ffc7bdb3f2b2d74ab9409cb691b,-0.003108182,-0.007527453,0.009075835
0116a904eee3db53a51590333f665b47,-0.008119877,0.068663345,0.024327257
fcb8a902aa4b30bc31c4ddd458a4bf7f,-0.001221942,0.006397241,-0.002214254
87580c608eaf25ebc892864442be0835,-0.000207676,-5.56E-05,0.000506801
793d66e73077579214a1236cbd4f4ac3,-0.005825011,-0.033814309,0.011587899
52f23d41dd1efcff20650015de395e5f,0.012390729,-0.045095246,-0.02094901
419dfeeb324ee204ea04ea65fe01c81e,-0.04821479,0.002295986,-0.034590952
b3b7ff04cd52d1ea7e67195cea95a62f,0.00269191,-0.001806609,-0.003249436
9464f50bc405390a8fa83a47a204c78f,0.012783243,-0.003800535,-0.009595365
986bf6bd637090cb92cae42d52faa2b9,0.004701957,0.030030451,-0.008710305
1d2ad94e29f958bb8a3166d3dd57f549,-0.016445536,-0.037847979,0.020307663
baa3983b87d0a18fd0873c453153f8c9,0.09949401,0.029110366,0.003171438
7758176d7a158a64feed96cc5785be6f,0.016757501,0.050542715,0.062671527
872febb7793f3c85b03bf3dded942725,-0.001864823,7.20E-05,0.002865056
82d3eec22c9b205625ba0b7f297b5cf9,-0.014753253,0.009610879,0.020931134
411b405d9dc01861f529d7f93fbc639b,-0.003731608,0.000637214,0.007084101
e16be491bc7f4acd00a1cb9c31b9d001,0.000557689,-0.005183292,-0.008845957
a9d62599733ec000e214305d05d7c0c0,-0.059665573,0.006295898,-0.041919232
6a283ec687d32d88a4e3eaaa398cb0ed,-0.00766541,-0.044971161,0.015966673
f4fc5312cb9a3819b2250bb1160fdc1f,-0.08973822,-0.036574062,0.009064417
e289fe9035a3575d3f1ab134e5810ee5,0.144282574,0.056278212,0.131577865
5a9c3145a12db92730f6dee9571c7d01,-0.010954312,-0.064922887,0.021478268
0aa6767415c3c1d08d147c80b16ec596,0.000224761,-0.000372827,0.000186988
1d184be19348e946276b0fef79042ecc,-0.001903783,-0.001676145,-0.001309726
129b5e7df1fc5a2c039744284e162ae3,-0.003601612,0.000571304,-0.00130082
fbf3c5b21400f08273beb8d47cfa8950,0.081626806,0.022011917,-0.05794664
9a46789f5dead8380da1a6fc7a034a53,0.011665124,0.012795981,0.015839702
a89d4a2a2a18fe9a5e46ae73ebd55551,-0.003386273,-0.005324077,-0.006236919
1b65016c3b921c30ef41c8c0496aca9a,-0.000243862,0.00021062,0.00083884
c1a55567adeff0a943532a12dd7851a1,0.008162531,-0.005387014,-0.010832212
6b220ee20c62cfa9835afa744f5c129d,-0.053135197,0.163929453,0.041270319
721d6345b84d6768b72ee1b3a4ab84f4,0.002210119,0.04483453,0.032647752
44c22d5e6f129db367745f72d3a1b735,-0.01046481,-0.010807039,-0.01212981
ab1ef2be0940d1a001fd946f6641fa7f,0.004582309,0.008396052,0.011548259
69dd14b0ed7caefe91ac085d38ffac6a,2.74E-05,-0.001067638,-0.000229587
4a9724d292d19c24500e55edd63bc95f,0.112214562,-0.13576591,0.03866307
6dcc63d099a818e8e7fafc6e3174d7d2,0.008117754,-0.0350804,-0.014430327
852b47fb070c8331f9fc6d9fcefa5946,0.010502505,-0.042951055,-0.031439161
6b655991ecdc9dd3db60b48818055542,-0.005778247,0.000871228,-0.002659959
900df8f4333124df384db9012a905941,0.129603646,0.014959872,0.085242447
48442b4d6ae7d85b597d423662134c97,0.000249884,-0.003121084,-0.005084581
8c934f25998779902c48e6d2a24336f3,0.008650985,0.01540141,0.020629189
887e0dd6a2c033000418b0c302780ca1,-0.009664324,-0.045188067,0.02109123
12e2c6e172386c31842cb36a25bea63a,0.002520727,-0.023817218,-0.007405914
a169d07f1f6d466425e0d97aac5b32a4,-0.000438277,-0.000119998,0.000454596
eda222137098eaf00cb01cd7757f3507,-0.00915771,0.075793503,0.0260508
e30b930baec22de45d2af23695a76350,0.003966224,-0.082307993,-0.033911394
26ee941e8e4b8fabe1babb79577deeb1,-0.019138148,-0.014920547,-0.001812058
e4a269a43bf757dc01030b4a91fc06aa,0.009510389,0.104559155,-0.035708592
85e30d09187bb7b6edbd5b344bf985e6,-0.04972401,0.009421366,-0.022510201
956a6a8b99f3476438c58ccdd59b799f,0.076659617,0.197062361,-0.097100327
d43048f0eff78b4014aba227a91b4cf2,-0.032341729,0.092535747,0.049481629
5523dee12dc4794171906e29d84b6b5f,0.06170777,0.007893193,-0.040208596
cb11f623ac5195f9fc019d0a14281123,-0.008929125,-0.00468984,0.009731455
0f4013b00115275df5e0ab6306716e8e,0.122983252,0.077154261,0.239122134
2c7ecd760a0fc563708fb905aec94e2b,0.014797215,0.062202823,-0.033847881
fe01ad867131dee1e2274b6f9febb881,-0.008484364,-0.024187021,0.019656008
12a0ad84259c089c23615284b45e6738,0.005645914,0.017410576,-0.012624716
b7173ea1651f9ffadee9394850962d1e,-0.039012027,-0.04523513,0.093013389
e47e3b5b5c7d12446de4853076fc429d,0.006109566,0.001010752,-0.004496384
e36a146a7499b1b329312ccafdd7b2d3,0.045163596,0.029956095,-0.060083346
295eb9c03cf14b573bd8228499819e32,-0.033481723,-0.040386899,0.045907075
1a4917aa6a0a01913853021862dd7cc6,0.005831309,0.010546553,0.014335918
dea3d6e4513b30d28338b648f9833f65,-0.008639058,-0.050881158,0.017013972
d0804b71543c90f56f7eb6ff0dcc5039,0.013171176,0.058662897,-0.021061556
ab37861a579863cd2498da8b71927083,-0.093208237,-0.077231782,0.134829458
83bff181dfd84c638460e5423a9cec4e,0.007129771,0.005158093,-0.025827679
2f97d5e5105357c6f190960d7af5a1e3,-0.01926472,0.003688946,-0.008162204
d464eee613ac4395c8f6ce3943a0f841,-0.014856599,-0.012328202,0.004624883
2df9f1e1de46eb662f26e9afe68fd594,0.006020274,-0.054232789,-0.017842512
23c29af7a87cdf6bdc568227522b5c1c,-0.002429965,0.001049815,0.002124644
f46081b0047d95610022d73e39964ce4,3.78E-05,-0.011812223,0.016664244
a7773d30c5a2009a19ba2df73fe658c1,-0.049238221,-0.040842537,0.048378351
65fa4e663bab2956902409201fb06684,0.06315156,-0.093841761,-0.065781902
59c6e1e94a0af7426c52f4f561dbfd30,0.001798055,-0.017536267,-0.005250709
4b9308c8f159daeca4159fa5879954a1,0.005074978,0.015729817,-0.011320407
0ce0443eb9dbc8679558c978108b5208,0.006784713,-0.002902755,-0.003414843
d2d415a05f25303836171e66fb665378,-0.002774063,-0.026381049,-0.038080605
65f1d29871c8da3b9207a0baeea0f9af,0.009711902,0.06709257,0.035840075
583229f07ecffe26f713680165a7d577,0.017035704,-0.027879345,-0.045995399
7862d724629545ec2b0771f192506397,0.01048921,-0.039872291,-0.023753366
49929e26955dd27c82c6b08d5b2b3cfe,0.036709646,-0.046759869,-0.047002454
e75ece18a699e83a9177e60e5e4863cb,-0.002455272,0.010176681,0.009657726
a807b4be9810b26d1093290e0130f620,0.001466643,-0.01032719,-0.01478789
35175c044df8ae95f804b7b93b82225f,0.048650337,-0.006636338,0.02875155
445306e98fa77208d9ecc9110ae70f66,-0.02025251,-0.014365158,0.027487896
17aedc1e8042f8fbd595b9c07b9fa1e9,0.001106521,0.002411517,0.003790604
50b4f43246a841424124efdd8293b5ce,-0.002322099,0.000394996,-0.000501863
84e05189bb709d741366bb411ac9ec92,0.048625121,0.031610143,-0.046008924
a0e49f9a268a20eb99117bca0a5d0866,-0.035715023,0.043823483,0.014825262
f02c5a92a1fa964a4b2e8dddf075df1c,-0.000671612,-0.001185217,-0.001789992
ca2b13b860bbfd314969cfb49c964730,-0.046123585,0.076805648,-0.046368238
496001947f9d29081a228ee74ee0e2ec,-0.015342145,0.004529043,0.012261826
a486613a4d9e508d03b4a748870a3df2,0.035801002,-0.01617735,0.11370889
f4395934ffbb17383246ff9fdd3f0ec1,0.072762506,-0.013630525,0.035187669
3a836b85c353a60fd98b5c7374a75309,0.012151899,-0.003301731,-0.006359387
3a4312fcefb76bd57d1157fff29543b4,0.001595475,-0.008169543,-0.006474407
aae6dac133f54774abbcd76efca322c8,-0.023594363,0.030442374,-0.037256099
c4f4f410408280f7e7274fc7c1951841,0.008980005,0.001419835,-0.006895241
ed129c3c9e2744b8b9885b13af221000,0.012033836,0.013189237,0.016305709
6c5692fc0f67ccdf8e2a28efdff18788,0.000872955,0.026270944,0.00614992
5b000b80aef4e5b5892c0e537cbf4b17,-0.04600639,-0.002104677,-0.069099017
6ab1e124783180a698af22426e999a72,0.006526961,0.041098874,-0.012229295
1beb830f1463ae678dfeb46f3f898cb1,-0.023226931,0.013096385,0.002964454
ae29d7222cca9d09ba6176b1aafc8686,-0.014634578,-0.065765936,0.066358171
c1af570bbcdd617f6715c294dc2ef366,0.008537229,-0.001543365,0.004934039
eb8e2a47268b1f21a1c437143b001120,0.000224761,-0.000372827,0.000186988
314323587ba2eb522f0ca0456e676ff5,0.001481541,-0.001014448,-0.001571757
0eedd7d3275113c78f144705c646d816,-0.000536607,0.013116229,0.091562704
e1277879d12efdf1e2d64d2e9c7e9db8,0.045328451,0.06223389,0.080370236
700c2d07306873789926f31708eac2ba,0.006266557,0.019237664,-0.014042579
a16986411ff8c5714b2ba245262b5f95,-0.026092704,0.063873779,0.102854624
e3ceee21295f247607feacae4699f350,-0.010976153,0.004123081,0.002460907
87eef6ae84b449e5c12cafd803ebc54f,0.00393217,-0.005358458,-0.009046594
d45249fd7aba2ee453116e86e660949b,-0.205708489,-0.122419552,0.158119291
4150a4b48cbc081291fed20b9f421a17,-0.006909576,0.02222029,0.002302752
67edbb26407c601872cea7ca7087aecf,0.000188804,-0.001798593,-0.000872327
7cb3d9a5d08396d891f90a8f7dd51a7f,-0.125546068,-0.109381505,0.123162212
c5939958112c8c595827435675cb7e1d,-0.000582271,0.00245412,0.005084347
c2a2ef7dd95c6c55b829b709c3fc4616,-0.010998844,0.020297812,0.033261887
d44dddcaae9bdd8e9e2748d0d25b3386,-0.001681125,0.006670495,0.006574679
c78b4eff98ee648b80b09c68867be26b,-0.002335421,0.002316933,0.003641821
c51b2c7d89498ef7846a57a866d4a43b,0.001132218,-0.006071405,-0.00462948
71327df1ab29e17ae6cde7d29a826c25,-0.00082911,-0.000529935,4.85E-05
2624a11cd60c28923c0e6e988726b7a8,0.021231383,-0.043717729,-0.034004267
e46b9ceb4c692b5d087a7e8737974fff,-0.073597232,-0.018835538,-0.026769227
cda3d0494eb8bb753c982caa9dac7676,-0.003160911,0.025563539,0.009538274
322ca96a8ca2cb914e1165ed60e7b12b,0.000385765,0.007395993,0.003307689
dc290fb9392c12f0912025dcbdbbd224,-0.002538822,-0.00130343,-0.002124439
46e6ea6f73f41a69f7e0843a30f025b2,7.46E-05,-0.002557076,-0.000110849
95f40eeca0c53bc89a1bd9b8e3a31920,0.01058557,0.001648653,-0.00823703
5b067ff5967c2602806b981eac8f4353,0.011463548,-0.013891247,-0.027608003
49cdb34da89f8e11cef2aaecf1c8ba84,-0.001886867,0.009605546,0.018409506
6b9035dff933c31adf83cdd1aeba2bbd,0.07560216,-0.014164946,0.036525302
b474b65e7bc286c6c5f27c0e68b50ffa,0.015115066,-0.0138958,-0.0079791
eb7190aba8f21b0f2de1a0a2ec4eb39a,0.002130267,-0.010591666,-0.008604219
c06c5fa4b6cad31ca0e61c9cfac664b7,-0.002698191,-0.012373242,0.003190402
3b8f199a18dde11741cb4c6f9d99d0a3,0.038360505,0.003357706,0.044463526
068c1476c27486b90b96bed11357f9df,-0.070358689,-0.000754701,-0.068115161
709225d4a970404ec02957db5199fe08,0.000188804,-0.001798593,-0.000872327
f56e0fc828f43200212ea07749d973d7,0.010498445,0.038840776,0.001270005
77f3addd3e10ec491c7f7d9d790d02f6,-0.001445435,0.003249366,0.00650048
7f8db18bbabfb8502f86536737da9690,0.019269876,0.02288282,-0.016277091
a6e0a6414a92dd6e98c8cf92f79fc183,-0.081726277,-0.088392299,0.02099901
4cbaffa0dca8a0f9c83792b3105ee4d8,-0.007028961,0.004555494,0.010224568
0b7cd650664fda0425b03a455b914082,-0.000925861,0.000404641,0.001220439
c7dc02034f3a4aa4d0f188e420424dfd,0.01225914,0.001815677,-0.009771474
298b48890e13bac2605879d711608e22,0.035098861,-0.015170443,-0.034013272
95e32620f9a74f5d63e4485fdd988da6,-0.016440903,-0.022937938,-0.059012205
88ab2cd29ffd1301e72c8be1e99cab8b,-0.051785681,-0.053941346,0.01065479
7c53c7a06a93ab119bb7f68c226ad6ac,0.000653875,-0.002186846,-0.003355488
6dcddab2b62d1515569453ea9be6642e,0.11440327,-0.044405274,0.056783528
f2fe52b8d9cdeee8da0459821bce279c,0.011850856,0.012994076,0.016074445
efaee2ba7fe65752f3e0ff00b9695284,0.013409817,-0.005427687,-0.016216944
c72d3beda33df7296a1c06fcb63844d1,0.020045735,0.083541432,-0.045537279
1dd7449765b5c3db50bba86d99374a34,-0.030562117,-0.041977785,-0.025139164
1e11ba4894fb62022519944f76cf430e,-0.018827476,-0.002543171,0.016343776
6ec6d84924f62ac7a6b4a406f69b27a6,0.045764442,-0.004522434,-0.044243416
a3ec387c4e557381be14dad3d94736f7,0.144441311,-0.003603188,0.115032593
fed42966e7daaed8b345de690914c781,-0.005825011,-0.033814309,0.011587899
560788bae2dc17a771b4003cd9ea1866,-0.007563532,-0.007397553,-0.037814135
296c6e207187503f0937c12be3592e06,-0.003714475,-0.003607366,-0.003598218
bd3eea66e0442d20a3da9f92d1c03b6a,-0.028234006,-0.089248064,0.031769796
25cc6dd07309a9a1509a59f29ccb93cf,0.009507726,-0.057671058,-0.034860344
0ece5179cd0cb0615c39eda8801ff731,0.01527697,-0.127642932,-0.047938109
8b45bba8939cfe2059905baeae216997,-0.003424964,0.027858495,0.010325749
6362359ab242c1213ed345a210e949da,0.030163571,0.021467883,-0.027783131
914f78bcc34976473a4a958ff85402e5,-0.001603976,0.012031762,0.004895069
dc56637811fb039df0c36192907e9ef7,-0.003457755,-0.009389374,0.008172683
901e4690ae06c9889387df9702ac52a6,-0.093108802,0.016831434,-0.024620759
e541825ce8b86c18c3108e8dc20a1675,-0.02298447,0.07990762,0.004594222
2bd969720de246644b99b6447cfa14a9,0.012330919,0.001897393,-0.009695637
b2dc66d9fb441733fc99e6315adea8b9,0.005818602,0.002956145,-0.003029957
1928e2deabf0f50bc5e216e235cc487b,0.018099146,-0.067419947,0.03976374
4d47b0f9bd00852e8148fcfcead25c70,0.032214405,-0.057696227,-0.046316503
79030f9c3947f7ccc6912a851d88f50b,-0.05800227,0.022676966,-0.039670017
078181e332e122670f91b2d8375114d6,-0.004104602,0.003798206,0.004768398
5bbd6726850e3b938ef0b5b9c2493a37,-0.006088051,-0.01094797,-0.006777745
e380e9f1890ff71f063a901382aecd43,0.032930283,-0.006352384,-0.043509701
6f96d81b9fac798e1fc114c43f02fb61,-0.005784371,-0.01933979,0.006881974
50fdf372b35e688c062dbd589dea1ef3,0.002753773,0.008896511,-0.006017599
5c951b10ce0ad37bc82cefbf1652aae4,-0.011779631,-0.011686742,-0.017961086
69dd513738245267a58eff2c5e1a5026,0.002452403,0.000489548,-0.001440053
bb61023a3bd8f2e0f22e26d1c883b175,0.115679079,0.066350802,0.059911087
2e0a970245b3a30991de8d9dc98bacb9,0.02602043,0.003828388,-0.020563638
7078a7e3533e03aaeee5952d72b440d3,-0.000751615,0.003588677,0.00715373
150f9ed2b977d8fadf6ab8635e1e315a,0.007995249,0.050003858,-0.015060462
ad070f7fc8b9581ea52f22bca9e3768c,0.007599051,-0.000972065,0.005693125
9a388672ef0064ac708688aca403fab6,0.006678883,0.002402473,-0.01087296
524850f0903e38c6e40f1ea572ba08bf,-0.003667123,0.009002479,0.016930996
da58d4823a46aba8bd0ab53e31704eaf,-0.022202666,0.000891022,0.015783293
a380f7c40d99e9bf31fe11f106d9883e,-0.004421528,0.001145125,0.005751415
ec8f61d3167aa54d3870a93fdc613a0d,-0.00502958,0.008035494,-0.02706563
df5c1ef25ab497ab767dcbb6be082f83,-0.132985129,-0.004291863,0.110569334
d7ea8ebc557ad1b99034b7f497e8f559,-0.005459156,0.00352809,0.008048676
b3b85712c00d0750ff579836e3c8da87,0.06515314,0.059844371,-0.063154819
28400033019ee7056b4fc6040af066cd,-0.008291709,0.008574687,0.011679524
ad8b3b26d792ed3db4eaeac8a2954065,0.053800841,-0.024841511,-0.04246029
bac1514e13095c7f47401552ef98d03b,-0.005081934,0.01430158,-0.00589389
884f2f86c947e51793a1b4a55c96a406,0.058563897,-0.018076086,-0.096349348
768abe81d93b37aa7eba6d13995fcca7,0.009104699,-0.002696133,-0.006656345
7440aa816171ce9e81d9b67d2dda61c6,0.000320286,-0.003592756,-0.005944889
6fc9f51290744bdfbb5fecbe7b2ec842,0.000473652,-0.004620271,-0.007819032
5fb142f67e0fab7e33cf00c2f09f6c93,-0.007976618,0.003429013,0.005459065
2e322487cca0f2192bc1a3207e1ad8a0,-0.002322099,0.000394996,-0.000501863
0cf5633d0acee262e87da3db80a9baaf,-0.011225684,0.003040566,0.009166269
bae9bff259cea0be67bba98c81f1d020,0.002740682,0.018135562,-0.004928555
8a1a1dc5f05e5a451ecaa7506c29f69c,0.007804845,0.058641025,-0.012673607
3a5c67a24c435b45a23cad99569e41ec,-0.004085797,0.000638021,-0.001603155
df3958305c204f0bfa20f7ce4efdf637,0.070305766,-0.000407033,0.029226244
b587fe14b9d8d45fbcc2e6cfb9383a93,-0.039215668,-0.002748572,0.228572674
c6745eeb78ad71cdcc6f64d5813dc300,0.016644401,-0.008780863,-0.018411794
8dff50d63a418eafee877c0d6ca25f78,-0.046042294,0.00872847,-0.020775911
3ae7d1db0bdd038eb619b17613c49d26,0.009939618,0.025923132,-0.000152735
cf5520c7981abde3b1460126a4edd967,0.001468462,-0.001679475,-0.001491321
24a0a132d22a3a27285f59c0f1aafa4c,0.02040343,-0.100384259,-0.058586785
5dc4dc466b40b136d2ae5b805259199d,0.006395035,0.001757065,0.001610935
2088b10165a39b54180c5a750cb72d42,0.003104097,0.003665086,0.005019618
d9ec85b87f734abc21f2ad2b4be0fc16,0.04369239,0.035865903,-0.030710861
9f21b120523941864d5c78016e4fae9d,0.001820857,-0.017088767,0.008077159
66d16aa90855eb8eeebbe8ed1a13e2f0,-0.001579061,-0.075659919,0.008745476
960661d8c98c0a2e42b50de5a7f627e3,-0.070994004,-0.048030321,0.08102693
e084c4e1efb25dda73727706dad2f9c0,-0.009390136,-0.00966083,-0.010771556
7c96b526998489eaf8f1911bcc16d939,-0.005714156,-0.01603191,0.013327448
0a1f5ed70dcb37a86924dbd5fde981af,0.045041991,-0.010446471,-0.047786925
4540d2faf9597dc876bde21aef1ec3b7,0.000961546,-0.007889021,-0.013781088
b900f862c7e018da5ea21a428d6eda09,-0.034461025,0.034027665,-0.024572047
2614ff103faac8c9aa473841136279c8,0.021643257,-0.069649491,-0.012495436
4657bc302da2d6dfb333e220cd4dd64f,-0.042614699,0.008083398,-0.019161326
098ed3954616b87e7ebd30db027a3695,0.014709755,-0.002479419,-0.019169729
bacb4482e395b6f3796efb6d1f4e4023,0.006784713,-0.002902755,-0.003414843
19a52dc5e3d007df257bfea5fcf10a59,0.000977624,0.002189584,0.003502916
2e3f176ae8c669fe89c79b560b1c3189,-0.015986349,0.001304822,0.067983371
730aa8ce50d58d83ef75e17f368f9a46,0.003343296,-0.002232927,-0.004152317
fafa4ce975c89cd56e144a9c9fef87de,-0.046327928,0.10261937,-0.056245634
eba65a6c0226fad41ee9dff264ecd62d,0.011232047,0.044442265,-0.020560798
4e8563a279457a3304b2fadb9a508645,-0.000243862,0.00021062,0.00083884
00b5732a5ab9e85c582884313c6d3322,-0.048608671,-0.023621692,0.005219655
7a5b875cf99ddb93b84ed03d5105530d,0.001770133,0.015057651,0.015303055
5cba7b58b6db042a8d764b6862931954,0.003455034,-0.00040105,0.003105508
b326b74bbd803234d609305fca3c9581,-0.001099675,-0.000246435,0.00153092
7e22c38418cd34a03ebac8f38110a3e0,-0.027584948,0.022940259,-0.06564404
0ca26ab8479e83811bbe36b7969e2823,-0.025898616,0.004937441,-0.011287133
51b224aaaa2b247327e1b96a8305889a,-0.012749296,0.06401698,0.005253681
5189fc9a3bae2857bba38fd752d9fc35,0.00366523,0.051912604,-0.012446277
f59c9661f4e154b8d6eadff955089368,-0.039294155,-0.048264643,0.001259072
f9350c4321a0880c83380a9616f47a9c,0.021027766,0.006888389,-0.030002332
365922ee8a241e8480784ef775e088cd,-0.120736342,0.030877907,0.080483781
8e853738ff8d3a9f2415d8a411ad30fb,0.02725976,0.003556595,0.04802384
e7633f7cd02818be3e46bd6bae183eb2,0.009498415,-0.001233784,0.00687913
d77d18b6280ed8b8385a3b13cbce04cf,0.025745087,-0.013516508,-0.017547117
bb638078b4468bb01472a0b6bc00153b,0.004169109,0.026798795,-0.007682862
995d6223e82b40fe8e16f30880f8d15c,-0.002459073,-0.006501446,-0.006588123
451100d9276895cc77455edff8fff92b,0.00635737,-0.000800971,0.004917791
9827377e93b5d0d576065064423ee057,-0.000809245,0.002721668,0.003102411
85113ca0cc98bb5f1fa38abd6ef031ef,-0.017679159,-0.006150101,0.004354466
97314af65b68b683534e1f51255bca84,0.001776563,0.005214585,0.002239426
72adf08a6e4989b54fba625fa214c36e,0.001929002,-0.039493802,0.020642819
e6bbece80f673ce70183d0360450397c,-0.001379258,0.005303311,0.005372493
d97642e92206649d79c9a5fb8b472443,0.098626074,-0.018346982,-0.093356962
94befefd58b96b9f30c476dabd6beac5,0.001595475,-0.008169543,-0.006474407
c538917932c548f6e61f85d9af398212,-0.01453191,0.002392555,0.011491114
344dfb6e3726295682713f0e5da2ea0b,0.000650572,-0.090871558,-0.020265765
90be7bdc46827e543a16a5b715d885bb,0.017307709,-0.000478593,-0.017610746
bd6383169ddd32592a82ccdb7511c186,-0.045677753,-0.047542656,0.042929192
9c609ba77a16d66dd36d7183ac3b6cec,0.001132218,-0.006071405,-0.00462948
3cf793c4c3943574806ab40772222eaa,-2.14E-05,0.002980649,0.000881591
c8c44e52117111bb5363eae24da0b746,0.008854051,0.00373382,0.006509548
fdc75e64f22fd8d36d77007c78e737b9,-0.000957698,-0.005625678,-0.002236917
df348a5cb8d8623f5d78299335880cf1,0.00731882,-0.055817754,-0.021325987
e5aeeedb566eb2cca0bab7227cdda4f8,0.008236638,0.02412981,-0.010267263
01edd53eeb2aab1dcd71b4f1f55d05a4,-0.04912693,0.159531407,-0.019982705
5e9c6512f15c7f03ab0fa0d8932d6933,0.001367877,0.000334986,-0.000533702
dd177ca5ccc1bb919e7c2f3164714290,0.000387322,-0.0014966,-0.002104057
1d60e4d996ce10a25bc2aa4c14995595,0.075907887,-0.014222483,0.036669316
07598dc5f265348fb75883209abd381a,0.00635737,-0.000800971,0.004917791
3aaf2a34ac2801eccdbc5098254ecf22,-0.004769027,-0.027409897,0.00955174
9617d5019237e05941dd26a065da9968,-0.000172895,0.000547894,0.00123089
3a555d4b9017633888f96610ffbdb8d7,-0.011276774,0.036194467,-0.00194109
c95c29828395a6f53f96e96619916532,-0.130632986,-0.000824262,0.001303093
fb1bbd65146ca8b0ef54dd506fc356ba,-0.010636998,-0.051274086,0.016201314
95d9d76d1d2fde3008a747db043a9719,-0.003646659,0.00635115,0.00999105
d745fc64f659113458049f282e586d64,0.016114173,-0.020769096,-0.00858226
13c1288378f1dc2da876fd37a93c17b5,-1.67E-05,7.73E-05,0.000937685
702a3e2722435e00f773be59fc5b6331,-0.053700565,0.010169752,-0.024383377
74ddeb539b2d5626e389cf4b707f2f63,-0.038984225,-0.047761702,0.046260939
f43c56d983a42f7661f4527ef440cdae,-0.001572822,-8.41E-05,0.001923872
97fdd9aca602e9538b00559813149794,0.000446345,4.22E-06,-0.000414028
6b02aa41f49f6ecad5487c17c72b6da5,0.009699508,0.05279306,-0.02072094
18e0c43ca198c01c4667079ffc8b73a7,0.029082138,0.065682105,-0.044563207
e6d9fe4bfdd2114788308701911d6a9e,0.059524552,0.035372768,-0.091094154
d650a2970ef576605ac639affadbd26a,-0.001142467,-0.00669248,-0.005791125
104f537496b13aa1b1195d65cf815447,-0.014244704,-0.024560279,-0.025423034
726cf0908df007cfa5e42c7299233071,0.00723048,0.04536563,-0.013585827
3a59fdb86690fb336df76c47aa72c0f2,0.003593908,0.011369751,-0.007936892
2b5ed95e2eecd5b1ac86d27039193ab0,0.00135612,-0.007085479,-0.005521172
3003555108ae1ffe8c11b67b12bad270,-0.007486229,-0.007630188,-0.008365251
d09ac2719179ce445475d19f361713b1,0.010345006,-0.004137474,-0.009292511
c04ee88008611fb287ee5b13e68bfac4,0.015580119,-0.008196888,-0.0078085
51d3db30ce513301ee6a6f030f831b18,-0.009618956,-0.027527104,0.022247992
9d79c195b3ee09e77c743e70498e40b4,-0.000195281,-0.059490534,-0.012260231
73504b87549ac3a8649846516dc109b6,0.010603337,-0.009959152,0.068795118
91b606319dc1adeb4661b56135de7fc7,-0.004247704,-0.020661461,0.006090622
6ecb363cbaa615df747e0376eec81ea9,0.003242143,0.026050029,0.025963921
0caaed09e58be1699f85bdc25fd620ca,-0.017919185,0.007693806,0.011436128