OTUID,Sa.F.D.28,Sa.F.D.30,Sa.F.D.33,Sa.F.D.35,Sa.M.D.27,Sa.M.D.29,Sa.M.D.31,Sa.M.D.32,Sa.M.D.36,Sb.F.D.37,Sb.F.D.39,Sb.F.D.44,Sb.F.D.45,Sb.M.D.38,Sb.M.D.41,Sb.M.D.42,Sb.M.D.43,Sb.M.D.46
2830936fa78b8eb81392f0ec13b0265e,0,0,0,0,0,0,0,0,0,0,0,0,36,0,0,0,0,0
e03395f59773fe185bba1ba3801e16a3,0,0,0,0,0,0,0,0,0,0,11,0,0,0,0,0,0,0
7e2e78a9729f2b4c1c14a3ae0ba02c90,0,0,0,50,0,0,0,0,0,0,0,0,0,0,0,0,0,0
8c75ac6bca28bdfea86c8cf4fa2cd245,0,0,0,7,0,0,0,0,0,0,0,0,0,0,0,0,0,0
a15a81e782c92b760485857c5d2166a1,147,0,0,0,27,0,67,0,141,22,33,0,0,0,0,0,0,0
26edf7034861fee25cdbd5122b43ac4c,0,0,0,0,0,0,0,0,0,0,0,0,50,0,0,0,0,0
562c7ec7474c10e6a9c297ae2e748abb,0,0,0,17,0,0,11,0,0,0,0,0,0,0,0,0,0,14
8287c0f8871af1bd9ba7b2d9b843e6b5,0,0,0,0,0,0,0,73,0,0,0,0,0,0,0,0,0,0
91391e316ea3c8782c0538df44a94889,0,0,0,10,0,0,11,0,0,0,0,21,0,0,0,0,0,0
6bd371e6c96fc8cfcbed6b35f30986d7,0,0,0,0,0,0,7,0,9,0,0,19,0,0,0,0,0,0
53f5a9411633b7e35e9ee22cc9361d91,0,0,0,0,0,0,0,22,0,0,0,0,0,0,0,0,0,0
83e200e6aa49b79396f052dd3db97e6b,0,0,0,0,0,0,0,0,0,0,537,0,0,0,0,0,0,0
6e77dc22549bc580ea4a9b2960726633,0,0,0,0,0,0,0,0,0,0,0,0,0,0,0,63,0,0
4f38747c471b916678b11b424288eba1,0,0,0,0,0,0,34,14,502,0,21,38,0,0,0,13,0,0
bf141f3e26b9dacd0031e06f7f4c5d73,0,0,0,0,0,0,0,25,183,0,0,0,44,0,14,20,0,0
495b58edf87c64625f022d0a9311fdfb,0,0,0,0,0,0,0,50,0,0,0,0,0,0,0,0,0,0
c2efd036d3cd38fa51a402cfde240c7f,0,0,0,0,0,0,0,0,71,0,0,0,0,0,0,0,0,0
6f42e7b96e8a24791725bba34746006f,0,0,0,0,0,0,0,0,0,0,0,0,0,32,0,0,0,0
0ec296418d8cc2cf9ff123dc3e2a0c90,8,0,0,0,0,0,0,0,0,0,0,0,0,0,0,0,0,0
671647a7b6ca3a0f38dbc37ee2455a73,29,0,5,0,0,0,0,18,13,0,28,16,11,0,0,14,0,4
dfefd1601becbc23d361edaeaacc9b13,0,0,0,0,0,0,0,19,0,0,0,0,0,0,0,0,0,0
bb70ab5bf1e4c399790d394a98fb5201,0,0,0,0,0,0,0,0,5,0,0,0,0,0,0,0,0,0
9388bbd7fed28eaaedeb7562b1d54cff,10,0,0,0,0,0,0,0,0,0,0,22,0,0,0,0,0,0
3ccb3cc712e0db60d7f9b06bde056a8a,8,0,6,8,0,0,117,0,12,4,0,147,11,118,0,27,11,17
766ce8e61917254b65b9bd0080a454fb,89,0,0,39,0,19,21,0,0,0,0,0,0,0,10,0,0,0
ef62ea4fdf71f8aaed2a6302cd24a663,0,0,0,158,0,0,0,0,0,0,0,0,0,0,0,0,0,0
02f7a1e1f9e36c93ee6d78dde2840444,0,144,0,0,8,0,0,0,0,0,0,0,0,0,0,0,0,0
0fd27b83707067ed757bd57003750993,41,0,0,0,0,0,0,0,19,6,19,7,0,0,0,26,0,0
31f5108e417536069d7c965ba80fd3f1,25,0,0,0,0,21,0,0,0,0,0,0,0,0,0,0,0,0
409a8f17b61dc5b7ae27aeeef7998d1a,0,67,0,22,0,0,0,34,8,0,0,0,0,0,28,0,31,0
13145f7761fff8fe14387e399c140328,0,0,0,0,41,0,0,0,0,0,0,0,0,0,0,0,0,0
f7ac00fde65dc7cc52461ee8fcccd69e,0,0,0,0,0,0,0,0,0,0,13,0,55,0,0,0,0,0
9e987d7244485e6fd7491c08a7c03351,0,0,0,0,0,0,0,6,0,0,0,0,0,0,0,0,0,0
485637007c45f1cfeda9f4bb0533209b,0,0,0,0,0,0,0,0,0,0,0,0,22,0,0,0,0,0
a060b26dc01eeaf5310000ded21ed9ce,46,59,0,49,0,0,0,0,30,0,0,0,87,0,0,0,39,0
c657c4c64078d386a5794708ba0541d4,0,0,0,0,0,0,46,0,0,0,0,0,0,0,0,0,0,0
6b4e287f62936fffb83649f43a1747a3,0,0,0,0,0,0,0,0,0,0,83,0,0,0,0,0,0,0
f3caf20b2854f7b4101b5dd2ec388336,0,0,0,0,0,0,0,0,62,0,0,0,0,0,0,0,0,0
6b6fc04b07449191694e7cb35d1abe2b,0,0,0,0,0,0,0,0,0,0,0,0,0,42,0,0,0,0
cdd34c161813f6bb82f0815a945f8bce,12,20,0,28,0,0,0,0,10,0,0,47,0,0,0,32,0,21
e335fe05db3bf95ed9ccc2e66bd0619b,0,0,0,0,0,0,0,0,0,0,0,0,0,0,0,104,0,0
d2bc256d34795bf5f9b7aabedeabad10,0,24,0,0,22,0,20,6,43,0,10,0,0,0,0,0,0,0
4f19e9b7154e33a650b0cab4dda15abf,0,0,0,8,0,0,0,0,0,0,0,0,0,0,0,6,0,0
8b74089f59b28e641f2c8c736707f8b2,0,0,0,0,29,0,0,0,0,0,0,0,0,0,0,0,0,0
037ba741716f5d4107cde1d87b8b8f2f,0,0,0,0,21,0,0,0,0,0,0,0,0,0,0,0,0,0
52799c4ab1c347c6c0cc265bc2500206,0,43,0,0,0,0,0,0,0,0,0,0,0,0,0,0,0,0
70961e765724f535821052a99680bb92,0,0,0,0,0,0,0,0,0,0,0,0,0,0,0,0,0,7
1592fff2ae6d6575c766717bd165a87e,0,0,0,0,0,0,0,0,30,0,0,0,0,0,0,0,0,0
b2593179e047810737f72152f0e198c3,0,0,0,0,0,0,25,0,0,0,0,0,0,0,0,0,0,0
7786876ab3a71f968071637f19a21263,0,11,0,0,0,0,0,0,0,0,0,0,0,0,0,0,0,0
bab4bde0b1dcb8e6d0a09f39951077b5,0,5,0,0,0,0,0,0,0,0,0,0,0,0,0,0,0,0
bcf5aacdad10d622fbec38d37cf03fd9,0,0,0,0,0,0,0,45,0,0,0,0,0,0,0,0,0,0
83ec17c8ff3a35fa17e6b01f3a60bb07,0,0,0,0,0,127,0,0,15,0,0,0,0,0,0,0,0,0
5c796f9604f9d0b74a248031970f983f,0,0,0,0,0,0,0,0,27,4,0,16,14,0,0,0,22,0
0ef8a96546b44b6f525f635d0d38dcf1,0,0,0,0,2,0,0,0,0,0,16,8,0,0,0,0,0,0
8d0c2101ec6163aada13689c3527c0d7,0,0,0,0,0,0,0,0,0,0,0,19,0,0,0,0,0,0
32ab1812bd3770f4b7f6aad7273783da,0,0,0,0,0,0,15,0,0,0,0,0,0,0,0,0,0,0
9db2817f5c42be6a7bcbca662959982d,0,0,0,0,0,0,0,0,0,15,0,0,0,0,0,0,0,0
f12a0a185eac530144304b1b954cfcd7,0,0,0,9,10,0,0,14,13,0,0,10,0,0,0,0,0,0
88225cc82ff505ea2dd06249eee6354c,0,0,0,28,0,0,0,0,0,0,0,0,0,0,0,0,0,0
28950392480175d18f998b8490212d9f,0,0,0,0,0,0,0,0,0,0,0,0,29,0,0,0,16,0
7a1a7d3362a2f4e3bb2b0f088b9a6b84,6,19,0,21,0,11,0,38,0,0,0,0,20,70,0,14,0,10
6717f7e13344eb704d2f29f6c7d39ed5,0,0,0,14,0,0,0,0,0,0,0,0,0,0,0,0,0,0
f02f4c216369c6a2e4ee447ffe47fddd,0,980,0,0,0,0,0,0,0,0,0,0,0,0,0,0,0,0
b6f68f6512a9e551fd04a9429e368b60,0,0,9,0,0,0,0,0,0,0,0,0,0,0,0,0,0,0
3f2fa448ee31928a1acd85149d7bc88e,0,0,0,0,0,0,0,0,0,0,0,0,23,0,0,0,0,0
95d5c26e5a939615d46e26659e68afcb,318,80,32,273,202,183,109,73,32,64,257,118,148,20,101,130,178,81
f3b0d49862a8a72a3842d1270490a899,0,9,0,0,0,0,0,0,0,0,15,0,0,11,0,17,0,0
906194542e0e0dcf3cdeedbddf62c978,127,59,0,0,17,0,0,96,0,0,14,0,13,0,0,34,25,0
44e43bca76ab21066075bb6c577297b0,0,0,0,0,0,0,0,0,0,22,0,0,33,0,0,15,36,0
f04a029a175f31779bb6a101c845618d,0,0,0,6,57,0,0,0,0,0,0,0,0,0,0,0,0,0
b5533a4bc2fe6e811c84fedf3ff262f7,0,50,0,0,0,0,0,0,0,0,0,0,0,0,0,0,0,0
0b75b287b26e29e57b99fef760332820,0,4,0,0,0,0,0,6,0,0,0,0,0,6,0,0,0,0
d70fc0c6e542624355b502ce737f1a2a,0,0,0,23,0,0,0,11,0,0,0,10,0,0,0,0,0,0
537a5caf73d3e1f807b293a1b8dd45e8,0,0,0,0,0,0,0,0,0,0,7,0,0,0,0,0,0,0
db56e5074702a5bc6ca3f45cc5dae9e5,0,0,0,0,0,0,21,0,0,0,0,0,0,0,0,0,0,0
2364000784a57f89cf0fe95d0e20e902,0,13,0,0,0,0,0,0,0,0,0,7,0,0,0,0,0,0
f6bad87d1c401e3d9c5fbcc7fc0a385b,0,0,0,31,0,0,0,0,15,0,0,0,49,197,23,30,0,0
df3edbe0199f14b27a2f89a3d39ca4d0,0,0,0,0,0,0,0,0,0,0,0,8,0,0,0,0,0,0
781dbc76389f59d77d772c55d7e26b94,0,0,15,0,0,0,0,11,0,0,0,0,0,0,0,0,0,0
15fceee5bfa7b4b1d6f2c0b0c4aa23ae,0,0,0,0,0,0,0,0,16,0,13,12,0,0,4,0,0,0
cdd9cf2b5aa8b0deb2ae626920c84047,0,0,0,0,0,0,0,0,0,0,0,0,27,0,0,0,0,0
e305e74913f284c93b4fbef9bee881f3,0,0,0,10,0,0,0,0,0,0,0,0,0,0,0,0,0,0
ed02a0efa2204d69b08e4b7ce0f33735,0,27,0,0,0,0,0,0,21,11,38,8,0,0,0,111,58,0
2a4cdb0ae582b4dfb292ecb09ce35fc8,0,0,0,0,0,24,0,0,0,0,0,0,0,0,0,0,0,0
4127ed1a1e8f9dac46c2895299b26505,0,0,629,0,0,25,0,0,0,18,0,0,21,0,22,0,0,0
50cd083aab911d938d1ec95b952e0800,0,0,0,0,0,0,0,0,0,13,0,0,0,0,0,0,0,0
55dee2d030fe20f0dc65fa50013f6bf3,0,0,0,0,0,0,0,0,0,0,0,0,0,0,0,14,0,0
3d5b21ec3c1f0646ee21d64a7dca127b,33,168,45,608,42,0,184,112,1600,0,20,62,0,0,0,8,22,0
22d7184cd858530b22b309452b109b29,0,23,0,0,0,0,0,0,0,0,0,0,0,0,0,0,0,0
58b5685a1597c15a2d9c22dab5a18460,0,6,0,0,64,0,0,0,0,4,0,6,9,2,0,52,5,69
b7ea37ac8dd3468fac014effec9456ec,0,0,0,0,0,14,0,0,0,0,0,0,0,0,10,0,0,0
970d93b4b6cce9a2f478426b3dcc0758,0,0,0,0,0,0,16,0,148,0,0,0,40,0,0,0,0,18
9cb6123fb8afaa505cd8891a727adb3a,5,0,0,0,0,0,0,0,0,0,0,4,0,0,0,0,0,0
ba4ae23fecab62c13b3a1106dd9776c0,0,0,0,0,0,0,18,0,0,0,0,0,0,0,0,0,0,0
c112f92eb423338a305270480625515b,0,0,0,26,0,0,0,0,0,0,0,0,0,0,0,0,0,0
22d3af8c9a553870fff1c4d73ba4664d,0,0,0,0,0,0,0,3,0,0,0,0,0,0,0,0,0,0
afac3891ee93365fb08e42484f8c244a,0,0,0,0,0,0,0,3,0,0,0,0,0,0,0,0,0,0
0984051727226a32b612176a14671164,0,0,0,0,0,0,0,0,0,0,0,51,0,0,0,22,0,0
8df052e31cc0671f3a313c5423a12f09,0,35,0,23,5,0,0,0,0,0,0,0,0,0,0,0,0,0
6094b87cc526c2fe38821fd79c341592,0,0,0,12,0,0,0,0,0,0,35,21,17,0,8,0,0,22
fec7d8914d49f8b957194588ef43577b,0,0,0,0,0,0,0,0,0,0,0,0,0,0,0,0,0,13
3343dce1d810ee6a49ec598e129123ed,0,25,0,0,0,0,0,0,0,0,0,0,0,0,0,0,0,0
33a0f7c122696ae451dec48092073e2e,0,0,0,0,16,0,0,0,0,0,19,0,0,12,0,0,0,22
00c994cd8a8a32ac2d84c4e5fb102c52,0,0,0,0,0,12,0,0,0,0,0,0,0,0,0,0,0,0
5cfcf671482c2e12e00e5f939f8cb7bf,0,0,0,0,0,0,0,7,0,0,0,0,0,0,0,0,0,0
d0a641c0e30d3c2f5b1e191958edb292,0,0,9,0,25,0,0,0,0,0,0,0,0,0,0,0,0,0
fbda73f20d8c7e827a5e18e519aa4bf4,0,0,0,0,0,0,0,0,0,0,0,0,26,0,0,0,6,0
939521225e0a2b0f5a6aa977fc513bbd,0,0,0,0,0,0,0,0,0,0,0,0,0,0,6,0,0,0
2713a71a27233eec09f64b8271ea1ad8,0,0,13,0,0,0,0,0,0,0,0,0,0,0,0,0,0,0
1827fabd2044d83eada6ddb4ec8f9cf9,0,0,0,0,0,0,0,9,88,0,15,0,35,0,0,0,0,5
de6c0e70f2a0447dbde5bf28b7262afe,0,109,0,144,0,30,127,0,0,0,0,0,0,0,0,63,47,0
fb6e8b121041ec1be9b14e22d0fbfde0,0,0,0,0,0,0,0,0,0,0,0,0,14,0,0,0,0,0
5a354076b2e0c89dd0a223647a43610c,0,0,0,0,0,0,0,0,0,0,0,0,0,0,0,0,4,0
b6fd03bb3ff388eeb947c5688c2c2c91,0,0,0,0,0,0,14,18,0,0,11,40,0,0,0,0,19,17
048284821f89153b97c61a08fb10b439,0,0,0,0,0,0,0,0,10,0,62,0,0,0,39,8,0,0
1d131e24c3e4cbd0f38e3867eec1b19a,0,0,0,0,0,0,0,0,0,13,0,15,0,0,0,1,1,0
ddef21c2800a23f1cf9ae13eb439f869,0,0,0,0,0,0,0,0,0,0,0,1,0,0,0,0,0,0
4e924b2ecf3e11ac4efdcb06d3025e64,0,0,0,14,0,0,0,0,0,0,0,0,0,0,0,0,0,0
d7588aeeb977c28669ec2683d2143331,0,0,0,11,14,0,23,0,0,0,0,0,50,0,0,20,0,0
36b55ff0c42b88f9acf3129ae0f6f437,0,0,0,6,0,0,0,0,0,0,0,0,0,0,0,0,2,0
afee48b3135bdb67d2344480e8e0c7e0,0,67,0,0,0,0,0,0,0,0,0,0,0,0,0,0,0,0
44186a619517f8e0134517940d34ecca,0,0,0,0,0,0,0,9,0,0,9,32,0,0,0,0,0,0
8ecb3e02a7acd96705765dfd80d1a54e,8,0,0,8,0,0,0,0,4,0,0,0,0,8,0,0,9,0
5197bda5a284fcb25f043e060d354a76,41,0,23,0,0,0,0,0,0,0,0,0,0,0,0,0,0,0
da91dca9400c1074c8b3aaad02179172,0,0,0,0,0,0,0,0,139,0,0,0,0,0,0,0,0,0
28c6fa18fdbbb85a03a0310ba04d0e9d,0,0,0,0,0,0,0,0,0,0,0,0,0,10,0,0,0,0
894a36acf9f28962195c732cea4bd05e,0,0,0,0,0,0,0,0,0,14,0,0,0,0,0,0,11,0
64156b83ab9947a3c1d4786ab96ed863,0,0,0,0,0,0,0,0,0,0,0,18,0,0,0,0,0,0
b9d88415152fcda9c932b5038c90ab54,0,0,0,30,32,0,0,0,0,0,11,0,230,0,0,0,0,109
7b44e40a89e8574655471cc3be7860ab,0,0,0,0,0,0,0,0,0,0,0,0,20,39,0,0,0,0
dea07bf7a859e928991bb80e00671fb9,0,0,0,0,0,0,0,3,0,0,0,0,0,0,0,0,0,0
fc8d5e9ee604b85bb84682fd1c259d2c,67,127,0,96,0,7,122,0,91,0,0,0,0,0,0,0,0,0
238140147ba317ae54c90e66960e22bb,0,0,0,0,0,0,0,0,0,0,8,0,0,0,0,0,0,0
1b566b7bf5c42e8bcb5a4161f82314c0,0,0,0,16,0,0,0,0,10,0,0,12,0,0,6,0,0,0
36b98f19680ac6cbdf7f6a9c591556a1,0,12,0,19,0,0,0,0,0,0,0,0,0,0,0,0,0,0
927b8ebb8f642dfa25d4844e1814bae8,0,0,0,0,0,0,0,0,0,0,0,0,0,0,0,0,29,0
b0b8eaf435a2fbfeaf4e0f5b20237e22,0,0,0,0,0,0,0,0,0,0,0,0,0,0,0,25,0,0
0f46fe53a2a8c8982830b4a562c4d940,0,0,0,0,0,0,0,0,0,0,15,0,0,0,0,0,0,0
8b93f56d33dab4c155a5f43cb0df8111,0,0,0,0,0,0,0,0,0,0,0,5,0,0,0,0,0,0
0d29df19970ea905afe22be7949d0b3d,0,0,0,0,0,0,0,0,0,0,117,35,0,0,0,0,258,0
1279d3b58e227d2edde9455ab9970c99,0,0,0,0,0,14,0,40,0,0,0,0,0,0,0,0,0,0
1c315cbac7b856b1cfd391f9ffecdabc,0,0,0,0,0,0,0,0,0,0,0,58,0,0,0,0,0,0
1c81489b2c124eaec4ef972bc2d12305,62,0,26,0,0,0,0,0,43,19,0,73,0,0,0,10,0,0
0b402e7d8e9e34bbf4ad81d6887c9c37,0,0,0,0,0,0,0,0,0,0,0,0,0,0,0,0,42,0
fb3d50dfbf4f31a0e858d084f82adc99,0,0,0,0,0,15,0,0,0,0,0,0,0,0,0,0,0,0
fc7cd58a4836f5af780d4084bbfa433d,0,0,0,0,0,0,0,0,0,0,0,0,0,0,0,12,0,0
23bb1dafc531b25664bb85b70ce8e0ae,0,2,0,0,0,0,0,0,0,0,0,0,0,0,0,0,0,0
558893a049e13567bc4d7d971b47324d,0,0,0,0,0,0,0,0,80,0,0,0,0,0,0,0,0,0
d2e9260763d42ee5577341baa9574ac3,0,0,0,165,0,0,0,0,0,0,0,0,0,0,0,32,0,0
496acfe38ab78a3c1ef473250dd6ce2d,0,12,0,12,0,0,0,11,0,0,0,0,0,16,0,0,0,0
927293004bc9266864f35d9a3fdf0295,0,0,0,0,0,0,0,0,0,0,0,0,0,0,0,62,0,0
56d177c4905381fe0a98730e8dd1cb1c,0,0,0,0,0,0,0,0,0,0,0,22,0,0,21,0,0,0
84cb6849533619eeab7c80b0b755531a,0,0,0,0,0,0,8,0,0,0,0,0,0,5,0,0,0,0
a67d749cf07f46ba04324c64023e6434,0,13,17,17,19,0,19,23,0,19,27,0,15,19,0,8,44,0
22be5d44baaebd16725f9a6ab35cb37c,10,0,0,0,0,0,0,0,18,0,0,12,0,22,0,0,0,0
073306577f6257f3b1b00983350a5629,0,0,0,8,0,10,0,0,6,0,13,21,0,0,0,0,0,0
7f04c6e26a0f7e218cabf9ddbd908123,158,0,0,0,0,0,0,16,178,0,0,0,0,0,0,0,0,22
0e8170ec4f020054ac7bb71e37053f60,82,0,0,27,0,0,0,0,316,0,0,0,0,0,0,0,0,0
2223ab038b470d87c16e3781939f5198,0,0,0,0,0,0,0,0,0,0,33,0,0,0,0,0,0,0
f9d1e65f7e2ed94090aaed0f5a4efbd0,0,0,0,0,0,0,0,9,0,0,0,0,0,0,0,0,0,0
47a1a4e3e3e85cd51a01e574170da636,60,0,0,0,0,0,0,0,0,0,0,0,0,0,0,0,0,0
321ef56b48735e59e8c473ffd7bd571f,0,0,0,0,0,0,0,18,0,0,0,0,0,0,0,25,0,0
56891eb78443c223ea7c0cda694397ef,23,12,0,0,0,0,0,0,14,0,0,11,0,10,0,0,0,0
74283a8999955a359246b24c8a5fd73a,0,33,0,0,0,0,37,0,0,0,0,0,0,0,0,0,16,0
5c8e5a64b644650ad4173c9e7d012e83,0,28,0,0,0,0,0,27,0,0,19,0,0,0,0,0,0,0
5dcb8be6207a0ee0d9314175ba9b65e8,0,0,0,0,0,0,0,0,0,0,0,59,0,17,0,0,0,0
5a62fe8cc387f297d4227f81dd985630,16,0,0,29,0,0,12,0,0,0,0,28,0,33,0,0,0,7
e5ce7ab8a6a0d4696470494317b88a45,0,0,67,0,0,0,0,0,0,0,0,0,0,0,0,0,0,0
de230e564aca24708f3601cb7e48cdde,0,0,0,0,0,0,0,0,0,0,0,0,0,25,0,0,0,0
85dbe07ff898699cc22a0a4c32d4569b,0,0,0,0,0,0,0,0,0,27,0,0,0,0,0,0,0,0
182ff4dea739dcc2c9acaef16147662d,0,0,0,5,0,0,0,0,0,0,0,0,0,0,0,0,0,0
7a80e461b426db2a94347568ab91cfd3,13,0,0,0,11,0,0,0,0,0,13,0,15,11,0,26,0,0
a73059e7552d229e22dc40eae84c0d6a,0,0,0,0,0,16,0,0,3,0,0,0,0,10,0,5,0,0
18a08f5e04638357b931e2ec25b0e17c,0,0,0,0,0,0,0,7,0,0,0,0,0,0,0,0,0,0
ff3211ae2f6d2d9ed376c87998ff2469,0,0,0,0,0,0,0,0,0,0,0,0,0,0,18,0,0,0
b84099ceb41d082eab842ebaef396b9d,0,17,0,0,0,0,21,0,0,0,11,0,0,0,0,0,12,0
334109cbb0426378862b2db8880f483f,0,0,0,0,0,0,0,0,0,0,0,0,0,38,0,0,0,0
ddfb334b38f76fcae15deeb2e2cbd225,27,0,0,0,18,0,59,0,0,0,0,0,0,0,0,0,0,0
6b1044f6d890023359cef3ce1e5e4b13,0,0,0,0,0,0,22,0,0,0,0,0,0,0,0,0,0,0
b7be8b132c79882c81a073ca96b61825,0,0,0,0,0,0,0,0,11,0,0,0,0,0,0,0,0,0
d6a01fc75da4d83508bb8d4a181394c1,0,0,0,0,0,0,0,0,0,0,0,4,0,0,0,0,0,0
8fc0fabfdf5e0826776c43e192eaeaf5,0,0,0,0,0,0,0,0,0,0,0,0,0,0,9,0,0,0
c1f2221efdfa31794e7181959359efee,40,0,0,0,37,0,15,0,23,0,0,0,0,0,0,0,0,0
5d3c6833a8aa7d4944f84d2d047e6f3a,0,13,0,0,0,0,0,0,0,0,0,0,0,0,0,0,0,0
60628d489b5f833cdd7d8113f7375ef7,31,90,0,0,0,0,0,0,0,0,0,0,0,0,0,0,0,0
b653cd324bd5bab383d0ea320f84d618,0,75,0,0,0,0,0,0,0,0,0,0,0,26,0,0,0,0
44ad4e0381fd378374db81830428db21,0,0,0,0,0,0,0,6,26,0,0,0,0,0,0,0,0,0
17ccac0ade0feabc82892815a944cd0a,0,0,0,23,0,0,0,16,0,0,0,20,0,0,0,0,0,0
f30fcff7aa05e31a64283dcf83b7ddd8,6,0,0,23,6,0,28,0,412,15,0,26,13,12,0,4,22,10
b08743e2e152c9e6c117cf375bb04ac1,0,7,0,0,0,0,0,0,0,0,0,0,0,0,0,0,0,0
bc5c8a689a2e4b27e87fb0bf7c02b6c9,0,0,0,20,0,0,0,0,0,0,0,8,0,0,0,0,0,0
591202ddb8ea1495e157c653f95761ae,9,0,0,0,0,0,0,5,0,0,0,0,8,17,0,0,0,0
f4a7349e637d97038f59cc829ad2074f,8,0,0,0,0,0,0,0,0,0,0,0,0,0,0,0,0,0
2d6b32df2d6e603b8c70d24996f58fba,0,0,0,0,7,0,0,0,0,0,0,0,0,0,0,0,0,0
98402e8eb3eb4ce897252607afe127e9,17,30,0,0,0,3,0,0,11,4,18,30,7,12,0,10,0,0
c82870cd9d4730bc71f54e84a677293a,0,0,23,0,0,0,0,48,0,25,0,0,215,67,14,0,0,0
0a55ab9827a6d0ebc61bbb4c07ec938c,64,36,13,31,23,25,34,0,24,0,24,62,0,24,0,0,17,38
5a0eb5e157f2247bc5e90450f9b8f7b4,0,0,20,0,0,0,0,74,0,0,0,0,0,0,8,0,7,0
cb2e1631d2feff2f7577e56d70523389,0,0,0,0,0,0,0,0,0,0,0,0,0,0,0,48,0,0
13d745858f32097441203632ba2ce081,0,0,0,0,0,0,0,22,61,0,0,0,0,0,0,0,0,0
c17f77d505bf155b8d2bad07412618bb,0,0,0,0,0,0,0,0,0,0,0,28,0,0,0,0,0,0
ab4593fe4699d655fe9b01788a130ee7,86,0,0,0,11,0,6,3,0,0,13,20,0,24,11,5,28,0
7ea7694666ce4886401b8fa0da972334,293,0,0,0,0,92,0,0,0,0,0,0,0,0,0,0,0,0
e389ca68fd1eb42c5c6e0766c3769f26,0,0,0,4,0,0,0,0,0,6,0,0,0,0,5,0,0,0
1e0726b966de94225edb22f1b9997fcb,0,0,0,0,0,0,0,6,0,0,0,0,0,0,0,0,0,0
0bbf49d3eff64a79a671c568daa58d6d,0,0,0,0,0,0,0,0,0,0,0,0,0,0,0,0,0,10
c4c273c066d2747d4e3bf6e93257dfd7,0,17,0,0,0,0,0,0,0,0,0,0,0,10,0,0,0,0
1ca3e15dd631a9b8ddfedd30ff1c2b52,0,0,79,0,0,0,0,0,0,0,0,0,0,0,0,0,0,0
dca07275b4dbd6b42bba6b48639cf14f,36,79,0,35,23,0,0,38,18,0,46,6,58,5,23,66,0,10
04abc87e44c7bc41f73d63bf1f9945b4,0,0,0,0,0,0,0,20,0,0,0,0,0,0,0,0,0,0
017673690fcd83be8ce038738578ba1a,0,0,0,0,0,0,0,0,0,0,26,24,0,0,0,0,0,10
ca329a9bc16237ef1a59e85ad09eb7f3,18,0,0,0,0,0,0,0,0,0,0,0,0,0,0,0,0,0
95873fb830be900fc363be5993a706de,0,0,0,5,0,0,0,0,0,0,0,0,0,0,12,0,0,0
a830075709b2dc5517bba0ef7b86f8ac,0,0,0,0,0,0,23,0,0,0,0,0,13,0,0,0,0,0
8689bc9da6098339ddd913433ada84ed,0,0,0,0,0,0,0,0,0,0,0,0,8,0,0,0,0,0
be6e552b1deb4544e20a3ff49577ce7b,0,0,3,0,0,0,0,0,0,0,0,0,0,0,0,0,0,0
d582a7448037a55387ba0ce001f69a93,0,0,0,10,0,0,0,0,8,0,26,0,0,0,0,12,0,13
5d1f5d4d7f3abcec9f638c9a5c061396,7,30,0,0,25,0,0,0,0,0,0,0,0,0,12,19,0,0
412292dba0332df0eae4cdf0b09eb6db,0,0,0,0,0,17,0,0,0,0,0,0,0,0,0,0,0,0
034ce9e347f7243831ad1f402197f1e5,0,0,0,0,0,0,0,0,0,0,4,0,0,0,0,0,0,0
2801499a120ab69b9a32f66b199a047f,96,0,8,0,39,0,0,0,0,0,14,0,21,0,0,0,0,0
e45bd14df630a27dcbd7b72fbc89af8a,0,0,0,0,0,0,0,0,0,0,0,0,0,0,0,0,20,0
271d17cad3fdf30ccf5e6b4d63ca0dbb,0,0,0,0,0,0,0,0,0,0,5,0,0,0,0,0,0,0
3a2cefb8e70e09cc6bc5d32dc7507414,0,0,0,0,0,0,0,0,0,0,18,0,0,0,0,0,0,0
540721b4095a2a1f6d2546c5bda83fd6,0,0,0,0,0,0,0,0,0,0,0,89,0,0,0,46,0,0
e6d4211c886ef09dc5fb9a548b37647d,0,0,11,0,0,155,0,0,0,0,0,0,0,0,0,0,0,0
5e6d7d0c40fbebed2f3e52a52129d026,0,0,0,0,0,0,0,0,0,0,31,0,0,0,0,0,0,0
a625086ae2d4cb64aea4bd3bc3b9b5dd,0,0,0,0,0,0,0,0,0,0,0,0,0,11,0,0,0,0
655385616244d27417bc34f6b31ed230,0,0,0,0,0,0,17,0,0,0,0,0,0,0,0,0,0,0
2f08b82ec9f4a2ab61dd980df34c305f,0,0,0,16,0,16,0,0,0,0,0,0,0,0,0,0,0,0
87cc51859facc881d27dabc8a3f77c23,19,14,0,0,0,0,0,10,43,0,0,0,0,0,0,0,12,0
b71e88af297d8162d21fa4ef9c74237b,0,0,0,0,0,0,146,23,0,0,0,0,0,0,0,0,0,0
cc20a9b7a82b732d3680f7243d78b87a,0,0,7,0,23,0,0,0,0,0,0,0,0,0,0,0,0,0
0b884445c989f7c42cf798f0f8889d63,0,0,0,0,0,0,0,0,0,0,0,16,6,12,0,0,0,0
351edd3b44ba553fc8ba7e678a9515eb,0,23,0,0,0,0,0,0,0,0,0,0,0,0,0,0,0,0
ff6daec569f11e8ecd88a1eb1f6d0678,15,0,0,25,0,13,0,17,0,0,34,0,0,0,0,14,4,5
8d97ff127f62c80fbfd8179c507daa79,0,0,0,0,0,0,0,0,0,0,0,15,0,0,0,0,0,0
11b0a779a44e1a94c4cac403db593242,0,0,0,9,0,0,0,0,0,0,0,0,0,0,0,0,0,0
499eec271fc240cb6c2c58a4671fc2e8,96,18,0,0,0,0,47,0,0,17,0,11,30,37,8,0,27,25
02dc10fc031e0343db3a4bd090423af0,0,0,0,0,0,0,0,0,0,0,24,0,0,0,0,0,0,16
d03efb9fe686951832baf81c721321ac,0,5,0,0,0,0,0,7,0,0,11,0,0,0,0,13,0,0
7046389df4f010e281130ee94e13e6e5,0,0,0,0,15,0,0,0,0,0,0,0,0,0,0,0,0,0
93c376c25c0140c5308497f182be09db,0,0,5,0,0,0,0,0,0,0,0,0,0,0,0,0,0,0
bb2dcd479762631b22470540c8c2c76a,0,0,0,0,0,0,0,0,45,0,0,0,0,0,0,0,0,0
501ef6cc75fb160180e332ba60a60df8,0,0,181,0,0,0,0,0,377,0,0,0,0,12,0,0,0,24
b2ffd37f3c9fe137a46985d36ea7c053,0,0,0,0,0,0,37,0,0,0,0,0,67,0,0,0,0,0
60c8ae317eaf5030d883332f4853247e,0,0,0,0,0,0,0,0,0,0,3,0,0,0,0,0,0,0
5497318e515a8c328a68f95975d9c7d4,0,0,0,0,0,0,0,0,0,13,0,0,0,0,0,0,0,0
e0e562a1f160ebed0b359e973000ecf4,0,13,0,0,0,0,0,0,0,0,0,0,0,0,0,0,0,0
78c04e6690df9f7c6b8173c569cd0090,0,0,0,27,0,0,0,31,0,0,0,0,0,0,0,0,0,0
ff46ec2cd6509377415be5cb7331dd14,94,0,0,0,0,0,0,0,0,0,0,18,0,0,0,0,9,0
cb3a451b5f9718c07b491a77b14ef21f,0,0,0,0,0,0,0,0,0,9,0,0,0,0,0,0,0,0
dede68dbc0661af0f11541605b3b9d5b,249,0,10,0,13,74,23,0,7,17,99,123,60,56,0,0,37,0
7b2d6804cfd6a900eae01ca2a0dd50a7,0,0,0,0,0,0,0,0,0,0,0,0,0,0,3,0,0,0
35b9e6704487e5018b75193200396dbe,0,0,0,0,0,0,0,0,0,0,31,0,0,18,0,0,0,0
2090c535c93993f66fb46688da468889,0,0,0,0,0,0,0,0,0,2,2,0,0,0,0,0,0,0
e8cb076ba4882785b00e00a016c2a387,0,0,0,0,0,0,0,0,0,0,0,0,22,0,0,0,0,0
ab2bfb86c1caa884497b8339f51705e6,0,0,0,0,0,17,0,0,0,0,0,0,0,0,0,0,0,0
fe7b6beb04d25d3a5fe69e2b7f0a4041,0,0,0,6,0,0,0,0,0,0,0,0,0,0,0,0,0,0
60c596979e50a9817826428c7b77f205,0,0,54,0,0,0,0,0,0,0,0,0,0,0,0,0,0,0
6b3324b8695422bc0f1008b5e662f1f6,0,0,0,0,0,0,0,0,0,0,0,0,0,46,0,0,0,0
82c448c1808ec28bd3b550b0460519cb,0,28,0,0,0,24,32,0,39,0,36,159,32,17,0,52,67,0
5dcf5c868e2533da4f7d916d9c39d0e3,0,0,0,11,0,0,0,0,0,0,0,0,0,0,0,0,0,0
29528929169afb5eebb33bb246161661,345,0,35,0,0,83,0,0,0,0,0,29,19,0,0,0,0,0
f1f8ebbe219d9da446c56d413fd8aaea,0,0,0,0,0,0,0,0,0,0,0,0,0,0,0,0,7,0
5e84c418cf9c873bfc327b8bb46d3062,0,0,0,0,0,0,0,0,0,0,0,123,0,0,0,0,31,0
ffebd5d85f80640bb464e5d5c6810f38,0,0,11,167,14,15,0,0,0,0,0,0,0,10,10,6,19,0
157e89624b31f9270751ab769c8d62e3,0,0,0,0,0,0,0,0,0,0,0,25,0,0,0,0,0,0
82a223ee6574024f2a4a932521288874,52,0,0,0,0,0,0,0,0,0,0,0,43,0,0,0,0,0
4c294f9a88e58b0e40a2b19f4658c209,28,2927,0,0,17,0,29,0,0,0,0,0,0,40,0,0,0,113
c6c3749b461fefb9e7e3625da56d010c,0,21,0,0,0,0,0,8,0,0,0,0,16,0,0,0,0,0
2356e68432cd80eea65bbce2264e04eb,0,0,0,0,0,0,22,0,0,0,0,0,10,0,0,0,0,0
e2e53e45a5fad1bae2a096656f857bde,0,0,0,0,0,0,0,0,0,0,0,16,0,18,0,0,5,0
5ba91958541b585122fb50d3e3c618a9,0,0,0,0,0,0,0,0,0,0,0,0,0,0,0,0,0,3
65d06cefcac0035b9d5a6d5ef23186e3,0,0,0,0,0,0,0,0,0,0,0,0,0,53,0,0,37,0
462e83448fdf7cc3f7b447f093519d8e,7,22,0,0,11,0,0,8,0,0,0,0,7,0,0,12,0,0
ccb50b4c61c5606871d4ba6c56bca425,0,0,0,0,0,0,0,0,0,0,0,50,0,0,0,0,0,0
a38cb31122c7c0e8801b567e822e9869,0,0,0,28,0,0,0,0,0,0,0,0,0,0,0,0,0,0
1cff266692eeb22c266d2d026b09ca0a,60,0,11,36,18,0,0,12,0,0,59,0,37,6,0,37,9,0
2695cf85684078bae98b3eec737cfd15,0,11,0,0,0,0,0,0,0,0,0,19,0,0,0,0,0,0
bec31f8bb9bfe95e604020fb80d39678,0,11,0,0,0,0,0,0,0,0,0,0,0,0,0,0,0,0
5ec45fa9e477461df1ecace9f8a3675a,0,0,0,6,0,0,0,0,0,0,0,0,0,0,0,0,0,0
c40234c919695233c0999196296cf3f4,0,0,0,0,0,0,0,0,0,0,0,28,18,0,0,12,0,0
1b3f52868a4bd07fc2a020baf2d5b319,0,5,0,0,0,0,0,0,7,0,0,0,0,9,0,0,5,0
183474bdf8b4f315c0beec28e345299e,0,0,0,0,0,0,0,0,0,0,0,7,4,0,0,0,0,0
23546877f9eebb5743fb0b8b593c2515,0,0,0,0,9,0,0,0,0,0,0,0,0,0,0,0,0,0
ee2bb8b43cce6b654e3449726f7fdfb4,0,0,0,0,0,0,0,0,0,0,0,0,0,0,0,5,0,0
6762f067004d6aaf03e131384f3d934c,28,0,0,0,0,0,0,0,0,0,0,0,0,0,0,0,0,0
8774a331c9dea4c993f7f6d19b09d310,0,0,0,0,0,0,0,0,0,0,0,0,0,0,0,0,0,25
ed2ccafc81e41f28f86a22a26f3086ef,0,0,0,0,0,0,0,0,0,0,0,0,0,7,0,0,0,0
3d1b8b2139601f34ccb79258198ddbac,0,0,0,0,0,0,0,0,6,0,0,0,0,0,0,0,0,0
594a9935aa02619a771611328afe3d58,0,0,0,0,0,0,0,0,0,0,0,0,0,0,0,17,0,14
6c2a9a5a94270ee454cfb2dea1d31449,32,0,394,0,0,0,0,0,557,0,0,0,0,0,0,30,0,0
616e358bedbcccca7be7c090386db993,0,0,0,0,0,0,0,0,0,0,0,0,0,71,0,48,0,0
a31b8bc30e79657573910e8a7247e406,0,14,0,0,0,0,0,0,18,0,0,0,9,0,0,0,0,0
3d491f0bf6b646ebe36af0a3911500f8,0,0,0,0,0,0,0,0,0,0,20,0,0,0,0,0,0,0
eb405178420357d8e11655013cb8992a,14,0,0,0,15,0,0,0,0,0,47,0,0,10,0,0,0,0
626b211bc5b767a81baff0e352ac709b,0,0,0,0,0,0,0,0,0,0,0,11,0,0,0,0,0,0
571e183929f49d4a30051114fc692ae4,0,0,0,0,0,0,0,0,0,0,0,0,0,0,0,0,7,0
2dbf7db8642cf5c09adc10d2a0ca0bd2,0,0,0,27,0,16,0,0,0,0,0,0,9,0,0,0,0,0
716b22e39b7c0a23c9ae84b3d8d52558,0,0,0,0,0,0,0,3,0,0,0,0,0,0,0,0,0,0
1022625f50664466f3f838919a566dad,0,0,0,42,22,0,0,0,0,22,0,5,0,0,0,0,61,0
8991b9a2d7d944874c70940c52d12079,0,0,0,0,0,0,0,0,0,0,0,0,0,0,0,14,0,0
b44871d2c185c51f96f4503e5b9de755,0,0,0,0,0,0,0,0,9,0,0,21,0,11,0,0,0,0
141fde2384bba13b1d89a916d250873e,0,0,0,0,0,0,0,0,0,0,0,0,0,0,0,0,0,30
e4b2d86ea043bd6637c74127c88019da,0,0,0,0,0,0,0,18,0,0,0,0,0,0,0,0,0,0
b7291323f4f203c89ca7db9d1d100cc6,0,0,0,0,0,8,0,0,0,0,0,0,0,0,0,0,0,0
05edf9710875d2b7739d123a8dc0eba1,0,0,0,0,0,3,0,0,0,0,0,0,0,0,0,0,0,0
8b10729807dce6ee9e58e0f62754b22d,0,0,0,0,0,0,0,39,54,0,0,112,0,85,0,80,25,0
9f85c932d39ddb56e39270932eeb7210,42,0,0,0,58,0,0,0,0,0,0,0,0,0,0,0,0,0
d805ca9cd4cf10195e8fe4a968b74bf5,150,21,0,14,0,35,8,25,131,14,34,72,17,39,0,5,28,11
7b9b79b802f8de25134451c768e4f3bb,0,96,0,119,146,0,0,0,0,0,0,202,42,59,22,0,0,0
069e24ca94149c4e1067c9fa00db4645,0,0,0,0,0,0,0,0,0,0,0,0,0,0,0,0,15,0
6b75e2e7294086dbf4f8b1a1a02b059b,0,0,0,0,0,34,0,0,0,0,0,0,0,0,0,0,0,0
9cd72e9782389c563c1c1c9d3ddc3b79,0,0,6,0,0,0,0,0,0,0,0,0,0,0,0,0,0,0
78295ff2aa7daf2757ed939ae709c739,0,0,0,0,0,0,0,0,0,0,0,0,0,13,0,17,0,0
17c4eca806c3f16af1f9471681f01db8,0,0,0,0,0,0,0,0,4,0,0,60,75,0,10,19,0,17
4915e1ed903f15b962914e5784ab28ed,0,0,0,0,0,0,0,0,0,0,0,0,0,0,0,0,28,0
0fb3cb77b4faa6c5c0c0751df79bc499,0,5,0,0,0,0,0,0,0,0,0,0,0,0,0,0,0,0
96b94c469177b1c72e791cd46076a12e,0,0,0,0,0,0,0,0,0,0,0,0,0,0,0,25,0,0
27907d47e5be2a5285313f0bb81add58,0,33,0,41,0,0,50,0,206,6,11,0,0,0,8,0,35,0
8fe3fbbf7d8726a39361531266254ab4,0,42,0,8,60,0,0,0,0,0,0,64,0,0,0,0,0,0
304db80bed00f5f3cbc01ec11fa7361b,30,0,0,0,0,0,0,0,0,0,0,0,0,23,0,0,0,0
4cd285fe4d2afabcac8d2ab47cc6630c,0,0,0,0,0,0,0,0,0,0,0,0,0,0,0,0,0,5
44220bf73b0819854176a827699fed1d,0,0,0,0,0,0,0,0,0,0,0,8,0,0,0,0,0,0
932015ff3cf9b6798cb05e9587ec26d4,0,0,0,29,0,0,0,0,0,0,0,0,0,0,0,0,0,0
f80b86458a57e36db032eb798274d2d0,0,34,18,0,0,22,44,0,0,0,0,0,0,54,0,25,0,13
f7021abeb1c86d9debdf53c1105d7564,0,0,0,0,0,0,0,0,0,0,43,51,0,73,0,28,0,0
e0f843a4e240b1fa278860b798fa6b1a,0,0,0,0,0,0,0,0,0,0,0,0,0,0,0,0,10,0
3f711edfa7eb0e0cc8d2e42f3702500b,0,0,0,0,0,0,0,0,8,0,0,0,0,0,0,0,0,0
244107d6482aeb20bd564cf2c0b31881,0,0,0,0,0,0,0,0,0,0,8,0,0,0,0,0,0,0
575ad9a9d65d496e01b35cd7fa593f63,0,0,0,0,0,0,0,0,0,0,0,19,0,0,0,0,0,0
115a64008e6d49368ab1fa5f6c84e5df,0,0,4,0,0,0,0,0,0,0,19,0,0,24,0,0,20,0
465084837974817a984405790290791b,0,0,0,16,0,0,0,0,21,0,0,0,0,0,0,0,0,0
4bd70e9335f891aaa8789b1d4ea09d2a,0,0,19,0,0,0,0,0,0,0,0,0,0,0,0,0,0,0
00ae9da5caac4ad21403591feaf70e95,0,20,0,0,0,0,0,0,0,0,0,0,0,0,0,0,0,0
98fe1bdec256f6dd8c7f7ef9bc3056fb,0,0,0,0,0,0,0,0,0,25,0,0,0,0,0,0,0,0
07d4acc8a2ea286d7c9751cdc3d7a9c4,0,0,0,0,0,0,0,23,0,9,11,41,124,0,9,15,12,20
e0dff9f216a991d089ce44c4fbfa0209,0,0,0,0,0,0,16,0,0,0,0,0,0,0,0,0,0,0
2c9d5b5266350088efdec837ee5e7925,0,0,12,0,0,0,15,19,0,0,0,0,29,29,0,37,0,0
ae8d5fbe17dc52c3dd3f85e6e379f6a3,18,0,0,0,0,0,0,0,24,0,0,16,0,53,0,0,0,0
b65f9b10da2a6b3f92473000dd0d0271,0,0,0,0,28,0,0,0,0,0,0,0,0,0,0,0,0,0
929805da29bce3a9838d81700d0a5770,67,0,0,72,0,0,0,0,0,0,0,123,107,0,0,0,0,0
3f499f9d498f4e16bcfc16925d073f81,0,0,0,16,0,0,0,0,0,0,0,0,0,0,0,0,0,0
46d434895d548c95951c3b09df6f2b7c,0,0,0,0,0,0,0,0,0,0,0,0,0,0,0,0,4,0
3976e8f80163b344a2762953fa23682a,0,0,0,0,17,0,0,0,22,13,0,24,0,57,5,0,0,0
6e2547ccce712ff48e77c5e75e989eee,0,0,0,0,0,0,0,0,0,0,0,16,0,0,0,0,13,0
b0527abbd953763bb6ac68a72f8de87e,0,0,0,0,0,0,0,0,0,0,0,0,0,0,0,3,0,0
d5c1fc6b83b71f48ee76922048f001cb,0,0,0,0,0,0,0,0,0,27,49,36,65,0,0,0,48,30
1e9e763a1444200b893bec125466cc3d,0,51,0,0,0,0,0,0,0,25,95,89,27,44,0,37,0,0
be09e708e9fbc1e888d217161390e4a1,0,0,0,0,0,0,0,0,0,0,0,0,0,0,0,0,14,0
25bfef134d9efb44530ab2f93764e27d,0,0,0,0,0,5,0,0,0,0,0,0,0,0,0,0,0,0
8e11bc4aabd26aa7869fb38078a6bcb9,0,11,0,0,0,0,0,0,0,0,0,0,0,0,0,0,0,0
5b9d4d22e733d9cbd1a4c7bb2bcac261,0,0,0,26,0,0,0,0,0,0,0,0,0,16,0,0,0,0
04b1e5208aa616291348bf83ef588368,0,14,0,0,0,10,0,11,49,0,0,34,12,0,0,12,0,18
b09af138a26a3344961df9ea80806fb6,0,0,0,0,0,0,0,14,0,0,0,0,0,0,0,0,0,0
aafed27a8935a2c61918bd7e1bfc5242,0,0,0,0,0,0,0,0,0,0,0,65,0,0,0,0,0,0
e021ab78885d70dca010d1fa8df73172,0,16,0,0,0,0,0,0,0,0,0,0,0,0,0,0,0,0
99b4b08d63c3459f7ad9f4a23395d664,0,0,328,0,0,0,28,29,0,0,36,0,0,0,0,0,0,0
4b6c5245a77d507964aab346bba9400a,0,0,0,0,0,0,0,0,0,4,0,0,0,0,0,0,12,0
e91c54f75605800ff097e5f547598e94,0,78,0,0,0,0,0,0,111,0,0,0,73,0,0,0,36,0
e8f9b2c4b7382c7ce6bb0d72a8d70cd8,367,48,27,0,16,0,0,72,0,0,0,0,48,16,0,0,0,0
16de604c828c1720af35409ce302ae71,0,0,0,0,0,0,0,11,0,0,0,0,0,0,0,0,0,0
cbbbc828687b049a79525e48d7bfdbb4,0,0,0,0,0,0,0,0,0,0,0,0,0,41,0,0,0,0
656ec6fa98bf3e99676179d9cfab2166,0,0,0,0,0,0,32,0,0,0,0,0,0,0,0,0,0,0
92db962926ec18cb5e1d5fd0e26d86c9,0,7,0,0,0,0,0,0,0,0,0,0,0,0,0,0,0,0
32019c66790172c71844e2b0a681de98,215,0,0,36,38,80,53,41,326,25,14,74,0,0,0,0,4,26
cdcd7881dd554b7b792ba95f6c2a1194,0,0,0,0,0,0,109,0,119,0,124,56,67,47,0,0,0,26
3017035b0bcc2b5a2d72911c26924bfb,29,0,0,40,0,19,0,0,0,0,0,0,0,0,0,0,0,0
f2927f63d0fac48b320524929b935526,0,0,0,0,0,0,0,0,0,0,0,0,0,0,0,0,30,0
6dbcbd4fb79bdbb1c9c828f0c474d855,0,0,0,0,0,0,0,0,0,0,0,0,0,0,0,0,18,0
c54feaed94b53803cf5bad847674d8b2,0,0,0,34,17,0,0,0,13,118,0,64,44,0,0,0,521,20
b576dd97e73486e7039704edbc3173c3,0,0,0,0,0,0,0,0,0,0,7,0,0,13,0,0,0,0
e15958f88a6aa222569802ee6702e35f,0,0,0,18,0,0,0,0,0,0,0,0,0,0,0,0,0,0
96e7fd97c61af46606a9035c747e7efa,0,0,0,9,0,5,0,12,0,0,34,8,0,0,0,0,0,0
e02e7096eb36f8a869f87aa9b8f126f1,0,0,0,0,0,0,0,0,0,0,0,0,30,0,0,0,0,0
d97cad18296d1efba1be9bc4f94d00c3,0,0,0,0,0,0,0,0,0,0,0,0,0,0,0,0,20,0
b28fab7a9402e4120b591cdfe72460cf,0,0,0,0,0,0,0,0,0,0,0,0,0,0,0,16,0,0
117302156afa4a41d171bad5a4cd1b6d,0,0,0,0,0,0,0,0,0,0,0,0,74,0,0,0,0,4
253cac77622beee67585984850f4ea44,0,0,0,0,0,0,0,0,5,0,0,0,0,0,0,33,39,0
613f38d7296ca565b19118f0c7e6dc66,107,173,0,12,0,0,29,27,0,0,0,0,71,55,0,0,0,0
471cb54e3355495ffbd668b1558444c9,0,0,0,0,0,0,0,0,0,0,0,62,0,0,0,0,0,0
e17039f15337254bd2763b00f659fc3e,0,0,0,0,0,0,0,0,0,0,0,40,0,0,0,0,11,0
3232a4a8f72f61faa815b618d6890d45,0,7,0,0,0,0,0,0,0,0,0,0,0,0,0,0,0,0
81fe616f0ed61e1051455e5ef3eb2de3,0,0,0,0,0,0,0,0,0,0,0,9,0,0,0,0,84,0
020735da7f69488e303574c6a67ed6e6,0,0,0,0,4,0,0,0,0,44,0,80,52,0,0,0,104,22
148e92990bdc35868a84c8e339f8b1de,0,0,0,0,0,0,0,0,57,0,0,0,0,0,0,0,0,0
8b3fef4e018c0eb2111e009b1d4cf29f,0,0,0,0,0,0,0,0,0,0,59,223,0,97,0,0,0,0
cf6c9c6476b95a21b84a1a33fda01ad2,0,0,0,0,0,0,0,13,13,0,0,16,0,0,0,0,0,0
ed4221e7dd3fdb6b37201dc51f61fb1c,0,0,0,7,0,0,0,0,0,0,0,0,0,0,0,0,0,0
07db7236c34176dbb9da3e966164989e,12,0,0,21,0,0,5,0,46,0,24,0,0,0,0,0,0,0
53455b29aa22e614a051eef644300bb8,0,127,32,62,0,39,0,59,43,18,56,26,38,0,49,48,28,22
5b7aff44182cd9f4604f47aff8a08c28,0,0,0,0,0,0,0,0,141,0,0,0,0,0,0,0,0,0
6f89433831e84d2ff3d523e2c0e78521,0,0,0,0,0,0,0,0,0,0,0,52,0,0,9,0,0,0
3d4b86113d3a0f9d4a24e37475b798ac,0,0,0,0,0,0,0,0,0,0,10,0,13,0,0,0,0,0
c32857fd4577a52b21a7f374218762ab,0,0,0,0,0,0,0,0,19,0,0,0,0,0,0,0,0,0
9b095f4aaa97f24647dd8d2935a82a55,10,0,0,0,20,0,0,11,0,0,12,0,19,0,8,4,0,0
544a9335d00c9ae9a991101fe84652e6,0,43,0,0,0,0,70,0,0,0,0,0,0,0,0,0,0,0
8dd8bc46e5dccd1cd39ec5888b89d715,0,0,0,0,0,0,0,0,8,0,0,18,0,11,0,0,0,0
acb75589460ae6d4878f232de1a1bbb6,7,0,0,0,0,0,0,8,0,0,20,27,0,50,0,18,0,0
4724f3070c88dabf497f14612afa6e44,0,0,0,37,0,0,0,35,0,0,0,0,0,0,0,0,0,0
b618ac816b8cb59acf85abc17c6530d6,0,10,0,0,0,0,0,13,8,8,0,0,0,23,0,0,9,0
a86ce3f26b66da1717af3d881a02f1e2,0,0,0,0,0,0,0,197,0,0,0,0,0,0,0,0,0,0
17c2d0ecc8d210a2f48e1d675de70adb,0,28,0,13,0,0,0,26,0,0,0,0,0,0,0,0,23,0
9d2c79730b45d707ce7d8551ebb94778,0,0,0,0,0,0,23,0,0,0,0,0,0,19,0,0,0,0
d1c8999e6adc3b16ba80f5eddb0df143,0,0,0,0,0,0,0,0,0,0,0,0,15,0,0,0,0,0
3cee4fdc9b0606c41d73ff6d521b9ddd,16,0,0,21,0,0,0,10,0,5,12,36,0,0,0,0,0,0
9ae17fe0f9b7b3659c8e0a9a343d5690,0,0,0,28,0,0,0,0,0,0,0,0,15,0,0,0,0,0
d08982a97786631332bddb0acc34c414,18,0,0,0,0,0,0,0,0,0,0,0,0,0,0,0,0,0
5fd6e64cd92b392298d93478774ae298,0,0,0,0,0,0,0,17,0,0,0,0,0,0,0,0,0,0
50a20291a2c527865fdf9d0eed851c78,0,0,0,9,0,0,0,0,0,0,0,0,0,0,0,0,0,0
0e928791d9296675d8470a7dbc4dc32b,31,50,0,0,10,0,0,0,0,0,0,30,14,46,0,17,21,39
a19d909a4e046128d765336a7e21e9d4,0,0,0,14,11,9,0,0,0,0,0,0,0,0,0,0,0,0
cc116408b956f36a3b5dee06f75b77cb,0,0,0,5,0,0,0,6,4,0,0,0,0,0,0,0,0,0
630860d80a9dc35ed55113eeb8a3e761,0,0,0,0,0,0,0,0,0,5,0,0,0,0,0,0,0,0
af714e68f29fe272436c9901674f1f60,0,0,0,0,0,0,0,0,0,2,0,0,0,0,0,0,0,0
04a0f8ee3769969d7a09b018cefdda98,0,0,0,0,0,0,0,0,0,0,23,0,0,0,0,0,0,0
a718d69a004061291d499b270b0ca6ed,0,0,0,0,8,0,0,0,0,0,0,0,0,0,0,0,0,0
786899b7ac0d0763b6591e497c284a3d,0,0,0,0,0,0,0,0,0,0,0,0,0,0,0,0,11,0
f6f40ec3674f23bf31c70e3844f64df5,0,0,0,0,0,37,0,0,0,0,0,0,0,0,0,0,0,0
e40f44d375271beb835c474d8b774b2c,0,0,0,0,0,0,0,0,0,0,0,52,0,0,0,0,0,0
c36e10aa9f20a298fc1850e492dbdd2f,0,13,0,0,0,0,0,0,0,0,0,0,0,0,0,0,0,0
a8eb3e86e896febff5f3e223f84ba94b,0,0,0,0,0,0,0,27,0,0,0,0,0,0,0,0,0,0
c6b35369ed06f745f91f01574461f3d7,0,3,0,0,0,0,0,21,0,0,0,0,0,0,0,0,61,0
5cb99c99a8b5d8a5cc9bb97545ec0e6a,0,0,0,0,0,0,0,0,49,0,0,0,0,0,0,0,0,0
49864a5c88f216801f4aedf73cbf722f,0,0,0,0,24,0,0,0,0,0,0,0,0,0,0,52,0,4
44cf33df7beb76b48433dea605f29306,0,0,0,0,0,0,0,0,0,0,0,13,0,10,0,10,0,0
a424e637e73437b8a67ecf994bed7c90,0,0,18,0,0,0,0,0,0,0,0,0,0,0,0,0,0,0
7c9bdd316565c9b02852327e0aef165d,0,0,0,0,0,0,0,0,0,0,25,13,27,0,0,31,0,0
3e8379736f1e8466c77b91217ef15d39,0,0,86,0,0,0,0,0,0,0,0,0,0,0,0,0,0,0
af7dd51c7373cf129ab32fc2b6c604a3,0,35,18,53,9,56,123,21,170,16,167,0,43,0,18,0,0,17
e1f76db59e229ae1654da2dab7be3075,18,0,0,0,0,0,0,0,50,0,0,0,0,0,0,0,0,0
04f3f7763dcdf8806f11b351fb538b20,0,0,0,0,0,0,7,0,0,0,0,0,0,0,0,24,0,0
34434f9fd8165e27e159a1e88db08695,0,0,0,0,0,0,0,0,0,0,0,0,0,0,0,0,0,32
86866c498af40dc9bd9276c5d901cf16,0,0,0,5,0,0,0,0,0,0,10,119,0,0,0,0,9,0
f5d4a282207b84e7bb02dacc0df4683b,0,0,0,0,0,0,28,0,0,0,0,0,0,0,6,0,0,0
9f33c9ca6b271bf2a2d6bf14373ba1cd,0,0,0,0,11,0,0,0,16,0,0,0,0,20,0,0,0,0
a2feca5a3bbe494996e67c8c12fb8043,0,0,0,0,0,0,0,0,0,0,0,0,0,0,0,13,0,0
d5ffad6454efa123e62945a3c3acc4b5,0,0,0,0,0,0,0,0,8,0,11,0,0,0,0,0,5,0
a455e1523374367e1d3a4e2d8ceb9cd5,0,0,0,0,0,0,0,0,0,0,0,0,0,0,3,0,0,0
af06159964dcec994c779e9ad1d71f42,0,0,0,0,0,0,0,0,0,6,0,33,0,0,0,0,8,0
048342aa429b52ccebab890cc071e1b4,26,0,0,46,0,0,0,0,0,0,0,145,0,23,0,42,0,0
f70f5cce229a0639c8ae11f64220298c,0,0,0,0,0,0,0,15,0,0,0,20,0,0,0,0,14,0
f99124d039753bedb5a091243aad9540,0,0,0,0,0,0,0,0,0,0,0,27,0,0,0,0,0,0
48614d865284251d0b9c97e1d3dc48a1,25,0,0,22,0,0,0,0,0,0,0,14,0,0,0,17,0,8
b02a8d33d018119dedb2db15db887bfd,0,0,0,0,0,0,0,0,0,4,0,0,0,0,0,0,0,0
51a875a194307609da18811102b2d9f1,0,0,0,7,0,0,0,0,0,0,0,0,0,0,0,0,0,0
6695396f5461c2a81ff54ee3d076e648,10,20,0,0,0,12,0,0,0,0,0,0,7,36,0,0,0,0
ac3f21250efa6d1af5889703e586a194,0,61,0,95,29,0,0,23,14,50,21,55,53,47,17,8,129,0
7e5e3b94e9969d40a06252d41ebfd020,24,0,0,0,0,0,0,0,6,6,0,0,0,31,6,0,0,0
f56e8ecfac5f476636eb05564abe289b,66,14,0,37,0,73,26,0,30,11,75,143,20,46,27,61,15,39
c4e22ac4eaa787617edf783d601d5ae6,0,0,0,0,0,0,0,0,0,0,0,22,0,0,0,0,0,0
7b6cf08b6602525d23e012b949495429,0,0,0,0,0,0,0,0,0,7,0,0,0,0,0,0,0,0
f359d6b12d6df77fce3684238719e6c2,0,0,0,0,0,0,0,0,0,0,0,24,9,0,0,10,0,9
52a6f137907833026003ffe0e5c7a572,0,0,0,0,0,0,0,0,0,0,0,0,0,0,7,0,0,0
0c73e422dee03e527c532265dcb2a7a7,0,0,0,0,0,0,0,0,0,0,17,15,4,0,0,0,0,0
118e5f5260120c3f2f11bab33a8f0ce5,0,0,0,0,9,0,0,0,0,0,0,16,0,0,5,0,0,0
f17683910dea3e40f791d0d44174d003,0,0,0,0,0,0,0,0,0,0,0,16,0,0,0,0,0,0
6a99cb981025400ae8cb89d30f56edb7,0,0,0,0,0,0,0,0,251,0,0,0,0,0,0,0,0,0
4e44c40ec88103ebb8cf8af36ecf1289,0,0,0,0,0,0,0,30,0,0,0,0,0,0,0,0,0,0
f9fc7a54d52b59a8c803082450b051cc,0,0,0,0,0,0,0,0,0,32,0,0,0,0,0,0,0,0
49eaee38a8e7da278048b088811ece05,0,0,0,0,6,0,0,0,0,0,14,0,0,0,0,0,0,0
e8c0ebaf1027d78cc3b6a0e476d44d3d,0,0,0,0,0,0,0,0,0,26,0,80,6,0,0,0,62,0
7cefbd84096550f928dc50f3213dc415,0,0,0,0,0,0,0,0,0,0,0,0,0,19,0,5,0,0
7e73db4de58d113d7deb1bc4673148d0,0,0,0,0,0,0,16,0,116,0,122,69,0,0,0,0,0,0
51acaa3c0d9d70d550a8ba58fafd45fb,0,7,0,0,0,0,0,0,0,0,0,0,0,0,0,0,0,0
a7ea85e24b031dcfaa6f9a074c3697a6,0,0,0,0,0,0,0,0,0,0,0,0,0,0,0,0,0,43
9a73e2e170eb7b9de6c433c72009c138,0,0,0,16,15,0,0,654,0,16,239,16,0,57,0,71,63,18
f023f7692a315fa25a1e8c1c47a71230,0,0,0,0,0,9,0,0,0,0,0,0,0,0,0,0,0,0
fc7fe8a11f8601769081bf1e9a67fc5a,66,26,0,24,0,10,0,0,0,0,92,0,47,0,0,120,0,0
f1b9d7da4e0948861c331ad68fb9f16b,0,0,0,0,0,0,0,0,0,10,0,0,0,0,0,0,0,0
6ef9e9d60840d69da818f44c08f18516,0,0,8,0,0,0,0,0,0,0,0,0,0,0,0,0,0,0
11cdd7b22699fdf6ffd39b79e820de14,0,0,0,0,0,0,0,0,0,0,0,0,0,144,0,0,0,23
0fcce44f10a956f9e8ae4548ad43457d,0,0,0,0,0,0,0,0,0,0,0,0,16,0,0,0,0,0
ec6aa03af1f8e694ff91e90f998ce118,0,0,0,5,0,0,0,0,0,0,0,0,0,0,0,0,0,0
dc19fad4fe2ce0873c54ce3e6165d1a7,0,0,0,0,0,0,0,28,0,0,0,0,0,0,0,0,0,0
63e0d3c64275636f97615472c3feabd7,0,0,0,0,0,0,0,0,0,0,7,0,0,0,0,0,0,0
d757664837fdfefb4f89ff86da63cd07,18,11,0,21,0,6,0,0,0,0,34,38,6,39,0,25,9,0
90e38fe6b561a8f7d97340976b05d0cd,0,0,0,0,19,0,0,0,0,0,0,21,0,0,0,0,0,20
0f09a1a342d71bec303289b4995f361e,0,38,8,0,0,0,0,0,0,0,0,0,0,0,0,0,0,0
fb0581ec2038467296e411bd9a2d0f52,0,0,0,0,0,0,0,0,0,0,0,9,0,0,0,0,0,0
39d8ad693ffac6ecbe22912c271eb4ea,0,17,0,0,0,5,0,0,0,0,0,0,0,0,0,0,0,0
c2641d52cb4e9866687dd032c7fc76e6,0,0,0,0,0,0,0,0,0,0,14,0,0,0,0,0,0,0
eb8821a30557b34eac1cb619bf6bc0ca,0,0,0,0,0,0,15,0,0,7,0,0,0,0,0,15,0,9
f0a134d3b512c8bf5408898edc18fdec,0,0,0,0,0,0,0,0,0,0,22,0,0,0,10,0,0,0
c58bed04d863d24a24073f2f15b2422e,0,0,0,10,0,0,0,0,0,0,14,6,0,20,0,0,0,0
4f313def0b2a4afbb15d6c3ef4dd4177,0,0,0,0,0,0,0,0,0,0,0,10,0,12,0,9,0,0
9a3ce3ec8a5f99330f5c7deb144226f6,10,0,0,0,0,0,0,0,0,0,0,0,5,0,0,0,0,0
101637aba474a6614786486ad42acb11,0,0,0,0,0,0,0,0,0,6,0,0,0,0,0,0,0,0
b30e8f66d5c6da152a993aa7a78a5e73,0,0,0,0,0,0,0,0,0,0,0,0,0,0,7,0,0,0
2bd3cfa29dfb8caf4df3e7cb7e114e75,0,0,0,0,0,0,0,32,0,0,0,0,0,0,0,0,0,0
85b9728e92eb1c0c69a65ceaea75b218,96,48,0,0,12,12,0,0,0,0,0,0,30,0,0,0,0,0
ad51837b1891d534a88090528c5f48da,0,0,0,0,0,0,0,0,0,0,60,0,0,0,0,0,59,0
fcdc68e0b16dc1b99bac090f88c93f1e,0,0,0,0,0,0,0,0,0,0,35,0,6,0,0,15,7,0
957dbf66776c71fe1dc2024d804c4950,0,0,0,0,0,0,0,0,0,0,0,0,0,0,0,0,11,0
4ad97273d5049542cdb907339f84cc2e,15,0,0,0,0,0,0,0,0,0,0,20,0,0,0,0,0,9
5a9dbb59a774f52d2adaaedc8b06a9df,0,0,0,0,0,0,0,0,0,0,0,0,0,0,0,0,29,0
9abe00b8b4ec6913dc7a8764de55e6a1,0,0,0,0,28,0,0,0,0,0,0,0,0,0,0,0,0,0
6c029f41c973b28f9573eb2977583452,0,0,0,15,0,0,0,0,0,0,0,0,0,0,0,0,0,0
490315bcccb1208c349f223195d305bb,0,0,0,0,0,0,0,0,0,0,0,0,0,0,0,15,48,0
1fbf9d823ddaf472cbe57190a6a9b724,0,0,0,0,0,0,0,0,19,0,0,19,0,0,0,7,0,0
95713713dace1a80343374c7b12b5947,0,0,0,0,0,0,0,19,0,0,0,0,0,0,0,0,0,0
160020b57a56698dadb2983e3c4c251c,0,0,130,0,0,26,0,0,0,0,0,0,0,0,0,0,0,0
1fca44f98c1c0a9259463b7c2662f83f,0,0,0,0,0,0,0,0,0,0,0,0,0,0,0,0,13,0
195029daa2f631f91d457f9a6c84bc1c,0,37,15,0,0,0,0,0,0,0,136,14,29,0,0,37,0,0
df38d15320e9129650c153312e8d6c73,0,0,0,0,19,0,10,0,0,0,0,0,0,0,0,0,16,7
c8c201cf669c528f272fad7379a025bb,6,0,0,0,0,0,0,0,0,0,0,6,0,8,0,0,0,0
ffbb8c1350bd4458683c4cc180d8de07,0,0,0,0,0,0,0,0,0,0,0,107,61,0,0,85,35,0
03e7cecfb87da524a7f9d4d2c4cb161e,0,0,0,0,0,0,0,0,0,0,0,6,0,20,6,0,0,0
3b5845f891550f5640bcd82e72ef3bf1,0,0,0,0,0,0,0,26,0,0,0,0,0,0,0,0,0,0
aa40ba3a550577ed8b40f150d7f294f5,0,61,3,0,6,0,0,13,0,0,0,7,0,10,0,0,0,5
66f756b99ad946ec24a958fb89a45dea,324,0,0,0,23,0,0,0,6,0,19,64,0,0,0,0,0,0
e6be02669fa2b49a9cfd8e1c67426663,0,0,0,0,0,0,0,0,0,0,20,0,0,0,0,0,0,0
f99f2f6d1361f9463c991014d0fdc71a,0,0,0,0,0,0,0,15,0,0,0,0,0,0,0,0,0,0
c9a6a8bba23f5278a08183d6725ce65a,0,0,0,0,0,0,0,0,0,0,0,9,0,0,0,0,0,0
2ead2ffc7bdb3f2b2d74ab9409cb691b,0,0,0,0,0,26,0,0,0,0,0,0,0,42,0,0,0,0
704ba9e347923f930e72f9df30a11f20,9,0,0,0,0,0,0,0,0,0,0,0,0,0,0,0,0,0
0116a904eee3db53a51590333f665b47,150,0,0,0,0,0,0,0,0,0,0,0,0,0,0,0,0,0
6b03764ef165ae4741abcd2e8b93cd1a,0,0,0,0,0,0,0,0,0,0,0,8,0,0,0,0,0,0
fcb8a902aa4b30bc31c4ddd458a4bf7f,0,0,0,0,0,0,0,0,0,0,0,0,0,19,0,0,0,24
d794940a09690d228e72659ac3f5115f,0,0,0,5,0,0,0,0,0,0,0,0,0,0,0,0,0,0
87580c608eaf25ebc892864442be0835,0,27,0,0,0,0,0,0,0,0,0,0,0,0,0,0,0,0
793d66e73077579214a1236cbd4f4ac3,0,0,0,0,0,0,0,0,0,0,0,53,0,0,0,0,0,0
c1183e59a7667280e65314e4e281a51b,0,0,0,7,0,0,0,0,0,0,0,0,0,0,0,0,0,0
52f23d41dd1efcff20650015de395e5f,13,0,0,0,0,0,0,0,0,0,0,0,0,0,0,14,0,0
419dfeeb324ee204ea04ea65fe01c81e,0,12,0,0,0,0,0,0,13,0,0,0,0,0,0,0,0,0
b3b7ff04cd52d1ea7e67195cea95a62f,0,0,0,0,0,0,0,0,0,0,0,0,20,0,0,0,0,0
9464f50bc405390a8fa83a47a204c78f,0,0,0,0,0,0,0,0,0,0,14,0,0,0,0,0,0,0
986bf6bd637090cb92cae42d52faa2b9,0,0,0,0,0,0,0,0,0,0,0,16,0,0,0,0,0,0
1d2ad94e29f958bb8a3166d3dd57f549,0,0,0,0,0,0,0,0,0,0,0,56,0,0,0,34,0,20
baa3983b87d0a18fd0873c453153f8c9,17,0,0,0,0,0,58,0,162,0,0,7,0,0,0,0,17,0
7758176d7a158a64feed96cc5785be6f,0,89,0,103,51,0,94,47,0,0,0,0,0,0,0,0,0,0
872febb7793f3c85b03bf3dded942725,0,0,0,0,0,0,0,0,0,0,37,0,0,0,0,0,18,0
82d3eec22c9b205625ba0b7f297b5cf9,0,0,0,0,0,0,0,0,0,0,0,0,79,0,0,0,0,0
411b405d9dc01861f529d7f93fbc639b,0,0,0,0,0,0,0,0,0,0,0,0,0,0,27,0,0,0
e16be491bc7f4acd00a1cb9c31b9d001,0,15,0,0,0,0,0,0,0,0,0,0,0,0,0,0,0,0
a9d62599733ec000e214305d05d7c0c0,25,0,0,25,0,0,0,0,9,0,0,0,0,18,0,19,0,0
6a283ec687d32d88a4e3eaaa398cb0ed,0,0,0,0,0,24,0,0,0,0,0,66,0,0,0,0,0,0
f4fc5312cb9a3819b2250bb1160fdc1f,0,0,0,0,0,0,0,0,9,0,0,0,0,259,0,0,0,29
e289fe9035a3575d3f1ab134e5810ee5,23,0,14,991,0,670,255,0,264,17,0,0,31,0,0,0,0,0
5a9c3145a12db92730f6dee9571c7d01,0,0,0,0,0,0,0,0,0,0,0,95,0,0,0,0,0,0
0aa6767415c3c1d08d147c80b16ec596,0,0,0,0,0,0,0,0,0,14,0,0,0,0,0,0,0,0
537dffd5a7c5be5e467fdb4d703022fb,0,0,0,0,0,0,0,0,0,0,0,9,0,0,0,0,0,0
6fccfd872b46e650eb693b1d2e80a363,0,0,0,0,0,0,0,0,6,0,0,0,0,0,0,0,0,0
2b3fb6205119201ed3bfdc09d3396a8a,0,0,0,0,0,0,0,0,2,0,0,0,0,0,0,0,0,0
1d184be19348e946276b0fef79042ecc,0,0,0,22,0,0,0,0,0,0,0,0,0,0,0,0,0,0
129b5e7df1fc5a2c039744284e162ae3,0,0,15,0,0,0,0,0,0,0,0,0,0,0,0,0,0,0
fbf3c5b21400f08273beb8d47cfa8950,0,0,10,0,0,0,82,55,35,12,0,0,0,0,2,1,6,0
9a46789f5dead8380da1a6fc7a034a53,0,0,0,66,0,0,0,0,0,0,0,0,0,0,0,0,0,0
a89d4a2a2a18fe9a5e46ae73ebd55551,0,0,0,0,0,0,15,0,0,0,0,0,0,0,0,0,0,0
1b65016c3b921c30ef41c8c0496aca9a,35,0,0,0,0,0,0,0,0,0,0,0,0,0,0,0,0,0
fda3d62107c5b52db32daf19795814bd,0,0,0,0,0,0,0,0,0,0,0,0,8,0,0,0,0,0
13f421e9a2c5e898c367a8da2636ddc4,0,10,0,0,0,0,0,0,0,0,0,0,0,0,0,0,0,0
c1a55567adeff0a943532a12dd7851a1,0,0,0,0,0,0,0,0,0,0,0,0,13,0,0,0,0,0
6b220ee20c62cfa9835afa744f5c129d,511,0,0,0,0,161,0,0,15,0,0,20,0,0,0,0,0,0
721d6345b84d6768b72ee1b3a4ab84f4,0,20,0,32,44,34,0,317,0,0,18,0,0,0,0,0,0,0
44c22d5e6f129db367745f72d3a1b735,0,0,0,11,0,0,0,0,0,0,0,0,0,0,0,0,0,0
ab1ef2be0940d1a001fd946f6641fa7f,0,0,0,0,0,0,78,0,0,0,0,0,0,0,0,0,0,0
69dd14b0ed7caefe91ac085d38ffac6a,0,0,0,0,0,0,0,22,0,0,0,0,0,0,0,0,0,0
4a9724d292d19c24500e55edd63bc95f,0,0,0,0,0,0,0,0,192,0,4,185,0,0,24,25,6,0
6dcc63d099a818e8e7fafc6e3174d7d2,0,12,0,0,0,0,0,0,0,10,17,43,0,0,0,0,0,0
852b47fb070c8331f9fc6d9fcefa5946,18,14,0,17,0,0,0,0,0,0,15,0,0,0,0,0,0,0
6b655991ecdc9dd3db60b48818055542,0,0,11,0,0,0,0,0,0,0,0,0,0,0,0,0,0,0
900df8f4333124df384db9012a905941,0,0,388,0,0,0,0,137,376,0,0,23,0,0,0,0,0,0
48442b4d6ae7d85b597d423662134c97,0,19,0,0,0,0,0,0,0,0,0,0,0,0,0,0,0,0
8c934f25998779902c48e6d2a24336f3,0,0,0,0,0,0,181,0,0,0,0,0,0,0,0,0,0,0
5f944efd5bd971237c1cce9761d56e2d,0,0,0,0,0,0,0,0,0,0,0,0,0,0,0,0,9,0
887e0dd6a2c033000418b0c302780ca1,0,0,0,0,0,0,0,0,0,0,13,41,0,76,0,46,0,0
12e2c6e172386c31842cb36a25bea63a,21,0,0,0,0,0,0,0,0,0,0,0,0,0,0,0,0,0
a169d07f1f6d466425e0d97aac5b32a4,0,0,24,0,0,0,28,0,0,0,0,0,0,0,0,0,0,0
eda222137098eaf00cb01cd7757f3507,174,0,0,27,0,0,0,0,0,0,0,0,0,0,0,0,0,0
e30b930baec22de45d2af23695a76350,7,0,0,0,0,0,11,0,0,0,0,0,0,0,0,0,0,0
26ee941e8e4b8fabe1babb79577deeb1,0,0,0,0,5,0,0,0,0,23,0,33,8,38,0,0,114,0
e4a269a43bf757dc01030b4a91fc06aa,0,0,0,25,8,0,0,0,0,0,0,7,46,5,0,0,0,27
85e30d09187bb7b6edbd5b344bf985e6,0,0,0,0,0,0,0,0,13,0,0,0,0,0,0,0,0,0
956a6a8b99f3476438c58ccdd59b799f,0,0,0,0,0,0,0,0,0,0,0,1,0,9,0,2,0,0
d43048f0eff78b4014aba227a91b4cf2,171,0,0,42,0,0,0,0,0,27,0,0,0,0,0,0,105,0
5523dee12dc4794171906e29d84b6b5f,0,0,0,47,0,0,0,0,0,0,14,35,16,5,0,0,4,0
cb11f623ac5195f9fc019d0a14281123,0,0,0,0,0,0,0,0,0,0,0,0,0,33,0,30,0,0
f7911d21bd404862a399e5807c95ac60,0,0,0,0,0,0,0,0,0,0,0,0,0,0,5,0,0,0
96990ae9e6b654a6062854fd6a905374,0,0,0,0,0,9,0,0,0,0,0,0,0,0,0,0,0,0
0f4013b00115275df5e0ab6306716e8e,632,41,0,199,70,96,191,34,1207,0,131,58,0,293,0,51,0,15
2c7ecd760a0fc563708fb905aec94e2b,0,0,0,0,0,0,0,11,0,0,0,7,0,0,0,0,0,0
fe01ad867131dee1e2274b6f9febb881,0,0,0,0,0,0,0,0,0,0,0,0,0,87,0,0,0,0
12a0ad84259c089c23615284b45e6738,0,0,0,0,0,0,0,0,0,0,0,0,0,12,0,0,0,0
b7173ea1651f9ffadee9394850962d1e,88,0,0,61,53,87,19,26,35,0,0,312,77,19,0,40,18,34
e4c88bf30abc7a1e60a1e9d298b8ed38,0,0,0,0,0,0,0,0,10,0,0,0,0,0,0,0,0,0
a6165f58e1fd8196025e84abe5fcf9a3,0,0,0,0,0,0,0,0,7,0,0,0,0,0,0,0,0,0
e47e3b5b5c7d12446de4853076fc429d,0,0,0,0,0,0,0,0,0,0,0,0,0,0,0,15,0,0
e36a146a7499b1b329312ccafdd7b2d3,12,0,0,0,0,0,0,0,0,0,0,6,0,34,0,8,0,6
f919d61edfaadc545f873ca909410229,0,0,0,0,0,0,0,0,0,0,0,0,0,0,3,0,0,0
295eb9c03cf14b573bd8228499819e32,0,0,0,0,0,0,0,0,0,0,0,71,100,0,0,0,0,39
1a4917aa6a0a01913853021862dd7cc6,0,0,0,0,0,0,101,0,0,0,0,0,0,0,0,0,0,0
dea3d6e4513b30d28338b648f9833f65,0,0,0,0,0,0,0,0,0,0,0,73,0,0,0,0,0,0
2805977012caad4e2d748092073b30fb,0,0,0,0,0,7,0,0,0,0,0,0,0,0,0,0,0,0
d0804b71543c90f56f7eb6ff0dcc5039,0,0,0,0,0,0,0,0,0,13,0,9,0,0,0,0,19,0
ab37861a579863cd2498da8b71927083,0,342,0,0,0,0,0,0,0,30,16,174,183,99,0,108,95,59
83bff181dfd84c638460e5423a9cec4e,0,5,10,41,0,0,0,0,0,0,21,25,0,18,25,0,0,0
2f97d5e5105357c6f190960d7af5a1e3,0,0,0,0,0,0,0,0,24,0,0,0,0,0,0,0,0,0
d464eee613ac4395c8f6ce3943a0f841,38,0,0,16,0,0,0,0,0,0,39,36,0,0,0,0,0,0
2df9f1e1de46eb662f26e9afe68fd594,11,0,0,0,0,0,0,0,0,0,0,0,0,0,0,0,0,0
0025391751a409c49cb0711f00f6a900,0,0,0,0,8,0,0,0,0,0,0,0,0,0,0,0,0,0
23c29af7a87cdf6bdc568227522b5c1c,0,0,0,0,0,0,0,0,0,0,0,0,0,0,0,0,25,0
f46081b0047d95610022d73e39964ce4,0,57,0,13,21,0,63,0,0,11,62,43,55,43,0,5,0,10
a7773d30c5a2009a19ba2df73fe658c1,0,0,0,0,0,0,0,0,0,0,0,69,47,0,0,57,45,29
65fa4e663bab2956902409201fb06684,7,0,0,39,0,0,0,0,0,4,0,0,4,0,5,0,8,0
59c6e1e94a0af7426c52f4f561dbfd30,24,0,0,0,0,0,0,0,0,0,0,0,0,0,0,0,0,0
4b9308c8f159daeca4159fa5879954a1,0,0,0,0,0,0,0,0,0,0,0,0,0,13,0,0,0,0
0ce0443eb9dbc8679558c978108b5208,0,0,0,0,0,0,0,0,0,0,0,0,0,0,0,0,15,0
d2d415a05f25303836171e66fb665378,0,0,0,5,0,0,0,0,0,0,11,0,0,0,0,0,0,0
65f1d29871c8da3b9207a0baeea0f9af,96,0,0,0,0,103,77,0,0,0,0,0,0,0,0,0,15,0
583229f07ecffe26f713680165a7d577,15,11,0,0,10,0,0,0,0,0,38,0,0,12,0,10,0,0
7862d724629545ec2b0771f192506397,24,0,0,0,5,19,0,15,0,0,0,0,15,0,0,35,11,0
49929e26955dd27c82c6b08d5b2b3cfe,15,0,0,0,0,0,0,0,0,0,0,0,6,0,0,9,0,0
e75ece18a699e83a9177e60e5e4863cb,0,0,0,0,0,0,0,45,0,0,0,0,0,0,0,0,0,0
09530cc037c2d097d77da13f906cf472,0,0,0,0,0,0,0,0,0,0,0,0,0,0,0,10,0,0
a807b4be9810b26d1093290e0130f620,0,12,0,0,0,0,0,19,0,0,0,0,0,0,0,0,0,0
35175c044df8ae95f804b7b93b82225f,0,0,10,44,0,0,0,0,98,0,0,31,0,0,0,0,0,0
445306e98fa77208d9ecc9110ae70f66,0,0,0,0,0,0,0,0,0,14,42,0,0,57,33,0,0,27
17aedc1e8042f8fbd595b9c07b9fa1e9,0,0,0,0,0,0,38,0,0,0,0,0,0,0,0,0,0,0
50b4f43246a841424124efdd8293b5ce,0,0,18,0,0,0,0,0,0,0,0,0,0,0,0,0,0,0
84e05189bb709d741366bb411ac9ec92,0,0,0,0,0,0,0,0,0,0,3,12,0,0,0,0,0,0
ddd499addffb302dcd61225d58d63470,0,0,5,0,0,0,0,0,0,0,0,0,0,0,0,0,0,0
a0e49f9a268a20eb99117bca0a5d0866,0,0,0,17,25,0,0,29,0,24,0,31,101,13,0,6,240,15
f02c5a92a1fa964a4b2e8dddf075df1c,0,0,0,23,0,0,0,0,0,0,0,0,0,0,12,0,0,0
ca2b13b860bbfd314969cfb49c964730,0,0,0,0,0,0,0,0,11,0,0,8,0,0,0,0,0,0
84fcd4f7c9e53f20a2c52ff003afa946,0,9,0,0,0,0,0,0,0,0,0,0,0,0,0,0,0,0
496001947f9d29081a228ee74ee0e2ec,0,0,0,0,0,0,0,0,0,0,63,0,25,0,0,0,0,0
a486613a4d9e508d03b4a748870a3df2,0,0,0,0,0,0,0,0,257,26,133,0,64,57,38,36,0,30
f4395934ffbb17383246ff9fdd3f0ec1,0,0,0,0,0,0,0,0,153,0,0,0,0,0,0,0,0,0
3a836b85c353a60fd98b5c7374a75309,0,0,32,0,0,0,0,0,0,0,16,0,0,0,0,0,0,0
3a4312fcefb76bd57d1157fff29543b4,0,0,0,0,0,0,0,14,0,0,0,0,0,0,0,0,0,0
aae6dac133f54774abbcd76efca322c8,0,0,0,0,0,0,0,0,17,0,0,0,0,9,0,16,0,0
97e220c6cebbe77a008471d888dc8219,0,0,0,0,0,0,0,0,0,0,10,0,0,0,0,0,0,0
c4f4f410408280f7e7274fc7c1951841,0,0,0,0,0,0,0,0,0,0,0,0,0,0,0,13,0,0
ed129c3c9e2744b8b9885b13af221000,0,0,0,68,0,0,0,0,0,0,0,0,0,0,0,0,0,0
6c5692fc0f67ccdf8e2a28efdff18788,60,0,0,0,0,0,0,0,0,0,0,0,0,0,0,17,0,0
2c206883534628e5990864509288d9ee,10,0,0,0,0,0,0,0,0,0,0,0,0,0,0,0,0,0
5b5b53b8708c113e31da34e4fe5aeddc,0,0,0,0,0,0,0,0,9,0,0,0,0,0,0,0,0,0
5b000b80aef4e5b5892c0e537cbf4b17,0,4,0,0,4,0,3,0,22,0,58,0,0,5,0,34,0,32
d80afeb9fb89348e68fc6d03757da525,0,0,0,4,0,0,0,0,0,0,0,0,0,0,0,0,0,0
6ab1e124783180a698af22426e999a72,0,0,0,0,0,0,0,0,0,0,0,13,0,0,0,0,0,0
1beb830f1463ae678dfeb46f3f898cb1,0,0,0,0,0,54,0,0,23,0,0,0,0,0,0,0,0,23
d1f50eaa6be1809159b16818cf2d831a,0,0,7,0,0,0,0,0,0,0,0,0,0,0,0,0,0,0
ae29d7222cca9d09ba6176b1aafc8686,44,0,0,0,0,0,0,0,55,0,47,103,56,68,0,0,0,0
c1af570bbcdd617f6715c294dc2ef366,0,0,0,0,0,0,0,0,42,0,0,0,0,0,0,0,0,0
eb8e2a47268b1f21a1c437143b001120,0,0,0,0,0,0,0,0,0,14,0,0,0,0,0,0,0,0
314323587ba2eb522f0ca0456e676ff5,0,0,0,0,0,0,0,0,0,0,0,0,22,0,0,0,0,0
d25d6c19b86e69a7abcc5970f02f7588,0,3,0,0,0,0,0,0,0,0,0,0,0,0,0,0,0,0
b4207be5513a8717a2e58693b70964a6,0,0,0,0,0,0,0,0,0,0,0,0,7,0,0,0,0,0
0eedd7d3275113c78f144705c646d816,0,59,0,165,0,0,53,50,49,23,41,49,0,56,40,26,63,14
e1277879d12efdf1e2d64d2e9c7e9db8,236,44,0,0,0,0,0,0,126,0,0,0,0,69,0,0,0,0
36ef618fcc3c053e718da10f33f70dc9,0,0,0,0,0,0,0,0,0,0,0,0,0,0,0,8,0,0
700c2d07306873789926f31708eac2ba,0,0,0,0,0,0,0,0,0,0,0,0,0,11,0,0,0,0
a16986411ff8c5714b2ba245262b5f95,59,0,32,110,32,66,0,197,0,0,0,0,46,66,29,71,0,0
e3ceee21295f247607feacae4699f350,0,0,0,45,0,0,0,0,24,0,23,0,0,37,0,0,0,0
87eef6ae84b449e5c12cafd803ebc54f,0,0,0,22,0,0,0,0,0,0,0,0,16,0,0,0,0,0
d45249fd7aba2ee453116e86e660949b,0,27,0,0,0,0,0,0,17,35,585,241,216,476,0,148,76,127
4150a4b48cbc081291fed20b9f421a17,0,0,0,0,0,0,0,0,0,0,37,19,0,0,0,26,0,0
67edbb26407c601872cea7ca7087aecf,0,0,0,0,0,0,0,21,0,0,0,0,0,0,0,0,0,0
7cb3d9a5d08396d891f90a8f7dd51a7f,0,0,0,0,0,0,0,0,0,0,0,270,121,0,0,219,96,184
c5939958112c8c595827435675cb7e1d,0,36,0,0,0,0,0,0,0,0,0,0,0,0,0,0,0,0
a92d8fa1f15ba7d86616ec55746402c7,0,0,3,0,0,0,0,0,0,0,0,0,0,0,0,0,0,0
16461535395b31c27688136e393d640d,0,0,0,0,0,0,0,0,0,0,7,0,0,0,0,0,0,0
810c895632f1ea9ec591f195b0a9242a,0,0,0,0,0,0,0,0,0,4,0,0,0,0,0,0,0,0
c2a2ef7dd95c6c55b829b709c3fc4616,73,44,0,0,0,0,0,0,0,0,0,0,0,65,0,0,0,0
d44dddcaae9bdd8e9e2748d0d25b3386,0,0,0,0,0,0,0,36,0,0,0,0,0,0,0,0,0,0
c78b4eff98ee648b80b09c68867be26b,0,0,0,0,0,0,0,0,0,23,0,0,0,0,0,0,0,0
c51b2c7d89498ef7846a57a866d4a43b,0,0,0,0,0,0,0,16,0,0,0,0,0,0,0,0,0,0
71327df1ab29e17ae6cde7d29a826c25,0,0,0,24,0,0,0,0,0,0,0,0,0,0,0,0,0,0
2624a11cd60c28923c0e6e988726b7a8,17,0,0,0,0,0,0,0,0,0,0,0,6,0,0,0,0,0
e46b9ceb4c692b5d087a7e8737974fff,11,38,0,0,29,0,0,76,8,0,0,0,0,0,0,0,0,0
cda3d0494eb8bb753c982caa9dac7676,60,0,0,0,0,0,0,0,0,0,0,0,0,0,0,0,0,0
322ca96a8ca2cb914e1165ed60e7b12b,0,0,0,0,0,0,0,0,0,49,0,0,0,0,0,15,0,0
8dd98af9180ffae7bb634b9c1a99b81d,0,0,0,0,0,6,0,0,0,0,0,0,0,0,0,0,0,0
dc290fb9392c12f0912025dcbdbbd224,0,0,18,0,0,20,0,0,0,0,0,0,0,0,0,0,0,0
46e6ea6f73f41a69f7e0843a30f025b2,33,0,0,0,0,0,0,0,0,0,0,0,0,0,0,0,0,0
95f40eeca0c53bc89a1bd9b8e3a31920,0,0,0,0,0,0,0,0,0,0,0,0,0,0,0,12,0,0
5b067ff5967c2602806b981eac8f4353,25,0,0,15,0,0,0,0,0,14,0,0,0,23,11,8,27,0
bcc00cdff59f22527f0c3bc226a9340a,0,0,0,0,6,0,0,0,0,0,0,0,0,0,0,0,0,0
49cdb34da89f8e11cef2aaecf1c8ba84,0,53,27,0,50,0,0,0,0,0,0,0,0,0,0,0,0,0
6b9035dff933c31adf83cdd1aeba2bbd,0,0,0,0,0,0,0,0,162,0,0,0,0,0,0,0,0,0
b474b65e7bc286c6c5f27c0e68b50ffa,0,14,0,0,0,0,16,0,49,0,0,0,0,0,0,0,0,0
eb7190aba8f21b0f2de1a0a2ec4eb39a,0,0,0,0,0,0,0,12,0,0,0,0,0,0,0,0,0,0
c06c5fa4b6cad31ca0e61c9cfac664b7,0,19,0,0,36,0,0,0,0,0,0,35,0,0,0,0,0,0
3b8f199a18dde11741cb4c6f9d99d0a3,0,0,0,0,0,0,0,0,97,0,0,0,104,0,0,16,22,17
068c1476c27486b90b96bed11357f9df,0,0,0,3,0,0,0,0,11,0,0,20,17,24,10,0,0,0
aec6d8dc08005c45b0a886cbab2f48bc,0,0,0,0,6,0,0,0,0,0,0,0,0,0,0,0,0,0
709225d4a970404ec02957db5199fe08,0,0,0,0,0,0,0,21,0,0,0,0,0,0,0,0,0,0
f56e0fc828f43200212ea07749d973d7,0,0,0,90,0,0,0,0,24,0,18,14,0,68,0,0,0,8
77f3addd3e10ec491c7f7d9d790d02f6,0,0,0,0,41,0,0,0,0,0,0,0,0,0,0,0,0,0
7f8db18bbabfb8502f86536737da9690,0,0,0,0,0,0,0,43,0,0,21,0,18,14,0,0,0,8
a6e0a6414a92dd6e98c8cf92f79fc183,0,0,0,0,0,0,0,63,11,0,0,238,0,0,12,0,0,0
4cbaffa0dca8a0f9c83792b3105ee4d8,0,0,0,0,0,0,0,0,0,0,0,0,43,0,0,0,0,0
0b7cd650664fda0425b03a455b914082,0,0,0,0,0,0,0,0,0,0,0,0,0,0,0,0,23,0
c7dc02034f3a4aa4d0f188e420424dfd,0,0,0,25,0,0,0,0,0,0,0,0,0,0,0,11,0,0
298b48890e13bac2605879d711608e22,0,0,0,0,0,0,0,0,0,0,8,0,9,0,0,0,0,0
95e32620f9a74f5d63e4485fdd988da6,23,17,0,17,0,0,0,0,16,0,16,0,9,20,0,0,0,0
88ab2cd29ffd1301e72c8be1e99cab8b,0,0,0,0,0,10,0,0,23,0,58,81,0,20,0,0,0,48
e59c2da7c5b0964e406b36b6a51977b3,0,0,0,0,0,0,0,0,0,0,0,0,0,0,0,10,0,0
7c53c7a06a93ab119bb7f68c226ad6ac,0,0,0,0,11,0,0,0,0,0,0,0,0,0,0,0,0,0
6dcddab2b62d1515569453ea9be6642e,0,0,0,0,0,0,20,0,391,0,0,41,0,0,0,0,0,0
f2fe52b8d9cdeee8da0459821bce279c,0,0,0,67,0,0,0,0,0,0,0,0,0,0,0,0,0,0
efaee2ba7fe65752f3e0ff00b9695284,0,0,0,0,0,0,0,0,0,0,0,0,11,0,0,0,0,13
8a37857393fb7454a185f2e1d6d5fa4e,0,0,9,0,0,0,0,0,0,0,0,0,0,0,0,0,0,0
c72d3beda33df7296a1c06fcb63844d1,0,7,0,33,0,0,0,0,0,0,0,5,0,0,0,0,0,0
a1a3f9d3c04b84b11a4367c9299ac8d3,0,0,0,0,0,0,3,0,0,0,0,0,0,0,0,0,0,0
1dd7449765b5c3db50bba86d99374a34,23,11,0,6,15,0,28,0,0,0,56,26,0,40,0,22,0,0
1e11ba4894fb62022519944f76cf430e,0,0,0,0,0,0,0,0,0,0,0,0,0,0,0,52,0,0
6ec6d84924f62ac7a6b4a406f69b27a6,0,0,0,0,0,0,0,0,0,0,0,0,8,0,0,4,0,0
a3ec387c4e557381be14dad3d94736f7,0,0,23,0,0,0,0,74,1023,0,0,30,103,0,0,0,0,0
fed42966e7daaed8b345de690914c781,0,0,0,0,0,0,0,0,0,0,0,53,0,0,0,0,0,0
560788bae2dc17a771b4003cd9ea1866,53,0,0,8,0,0,8,0,0,11,15,0,0,0,6,0,23,0
296c6e207187503f0937c12be3592e06,0,0,0,19,0,0,0,0,0,0,0,0,0,0,0,0,0,0
bd3eea66e0442d20a3da9f92d1c03b6a,0,0,0,0,0,18,0,15,0,0,61,115,0,49,0,0,0,0
25cc6dd07309a9a1509a59f29ccb93cf,19,0,0,0,0,0,0,3,0,0,0,0,0,0,0,0,0,0
0ece5179cd0cb0615c39eda8801ff731,3,0,0,0,0,0,0,9,0,0,0,0,0,0,0,0,0,0
89b3ea69ce754890608e59d9116e9436,0,0,0,0,0,0,0,0,0,0,0,0,0,0,0,7,0,0
8b45bba8939cfe2059905baeae216997,63,0,0,0,0,0,0,0,0,0,0,0,0,0,0,0,0,0
6362359ab242c1213ed345a210e949da,0,23,0,0,27,0,0,15,0,0,0,14,0,33,0,10,11,0
914f78bcc34976473a4a958ff85402e5,45,0,0,0,0,0,0,0,0,0,0,0,0,0,0,0,0,0
dc56637811fb039df0c36192907e9ef7,0,0,0,0,0,0,0,0,0,0,0,0,0,43,0,0,0,0
901e4690ae06c9889387df9702ac52a6,0,0,0,0,0,0,0,0,7,0,0,0,0,0,25,29,31,0
e541825ce8b86c18c3108e8dc20a1675,0,0,0,10,0,0,0,124,0,0,0,8,55,31,9,0,0,32
2bd969720de246644b99b6447cfa14a9,0,0,0,0,0,0,0,0,0,0,0,0,0,0,0,11,0,0
b2dc66d9fb441733fc99e6315adea8b9,0,32,0,0,0,21,0,0,0,0,0,0,0,0,0,0,0,10
1928e2deabf0f50bc5e216e235cc487b,0,0,0,0,0,0,0,0,70,0,36,92,0,0,0,0,0,0
4d47b0f9bd00852e8148fcfcead25c70,16,12,0,0,0,0,0,12,0,8,16,0,0,0,0,13,13,0
79030f9c3947f7ccc6912a851d88f50b,46,0,6,25,0,0,0,21,10,12,0,0,20,28,0,13,0,0
967f328c374c431143acd379c70fadf4,0,0,0,0,0,0,0,10,0,0,0,0,0,0,0,0,0,0
078181e332e122670f91b2d8375114d6,0,39,0,0,0,0,0,0,33,0,0,0,0,0,0,0,0,0
5bbd6726850e3b938ef0b5b9c2493a37,0,0,0,20,0,0,17,0,0,0,0,30,0,28,0,0,0,0
e380e9f1890ff71f063a901382aecd43,50,0,0,16,0,11,0,0,0,0,0,45,13,10,0,8,12,10
6f96d81b9fac798e1fc114c43f02fb61,0,0,0,0,0,15,0,0,0,0,0,0,0,54,0,0,0,0
50fdf372b35e688c062dbd589dea1ef3,0,0,0,0,0,0,0,0,0,0,0,0,0,18,0,0,0,0
5c951b10ce0ad37bc82cefbf1652aae4,42,0,0,13,0,7,0,0,0,0,28,0,0,0,0,0,0,0
69dd513738245267a58eff2c5e1a5026,0,0,0,0,0,0,0,0,0,0,0,0,0,0,0,18,0,0
bb61023a3bd8f2e0f22e26d1c883b175,251,30,0,0,36,20,15,0,340,0,21,0,0,0,0,0,16,7
2e0a970245b3a30991de8d9dc98bacb9,0,0,0,0,0,0,0,0,0,0,16,0,0,0,0,0,0,4
7078a7e3533e03aaeee5952d72b440d3,0,41,0,0,0,0,0,0,0,0,0,0,0,0,0,0,0,0
c7593800b8d959a6f9ae62247adf409c,0,0,0,7,0,0,0,0,0,0,0,0,0,0,0,0,0,0
150f9ed2b977d8fadf6ab8635e1e315a,0,0,0,0,0,0,0,0,0,0,0,11,0,0,0,0,0,0
ad070f7fc8b9581ea52f22bca9e3768c,0,0,74,0,0,0,0,0,0,0,0,0,0,0,0,0,0,0
9a388672ef0064ac708688aca403fab6,0,0,0,0,0,0,0,0,0,0,0,24,13,0,0,23,0,0
b9118c22281dc72a1b9e452ea85d6f1a,0,0,0,0,8,0,0,0,0,0,0,0,0,0,0,0,0,0
524850f0903e38c6e40f1ea572ba08bf,0,0,0,0,165,0,0,0,0,0,0,0,0,0,0,0,0,0
da58d4823a46aba8bd0ab53e31704eaf,0,17,0,0,0,0,0,0,0,0,31,0,55,0,0,38,0,0
a380f7c40d99e9bf31fe11f106d9883e,0,0,0,0,0,0,0,0,0,0,32,0,0,0,19,0,0,0
ec8f61d3167aa54d3870a93fdc613a0d,0,0,0,0,0,0,0,0,25,0,0,29,13,14,0,0,0,0
df5c1ef25ab497ab767dcbb6be082f83,0,22,0,18,54,0,359,0,21,66,348,82,62,43,85,45,105,45
d7ea8ebc557ad1b99034b7f497e8f559,0,0,0,0,0,0,0,0,0,0,0,0,38,0,0,0,0,0
b3b85712c00d0750ff579836e3c8da87,0,0,0,0,0,0,0,0,0,0,9,9,0,0,6,7,0,4
28400033019ee7056b4fc6040af066cd,0,0,0,0,0,0,0,0,0,73,0,0,0,0,0,0,0,0
ad8b3b26d792ed3db4eaeac8a2954065,0,0,0,19,0,0,0,0,0,0,6,0,0,0,0,0,4,0
bac1514e13095c7f47401552ef98d03b,0,39,8,0,0,0,0,0,0,0,0,0,0,17,0,0,0,0
ade82cfa442d8d34e4f354d8c4041c95,0,0,0,0,0,0,0,0,0,0,0,10,0,0,0,0,0,0
884f2f86c947e51793a1b4a55c96a406,0,6,0,0,0,0,0,9,0,0,0,0,3,9,0,6,0,0
768abe81d93b37aa7eba6d13995fcca7,0,0,0,0,0,0,0,0,0,0,17,0,0,0,0,0,0,0
7440aa816171ce9e81d9b67d2dda61c6,0,18,0,0,0,0,0,0,0,0,0,0,0,0,0,0,0,0
6fc9f51290744bdfbb5fecbe7b2ec842,0,16,0,0,0,0,0,0,0,0,0,0,0,0,0,0,0,0
2c205d73885447f37a646b678b3d39a1,0,0,0,0,0,9,0,0,0,0,0,0,0,0,0,0,0,0
693e9aeedfcd68e23d1e09452b6c1d68,0,0,0,0,7,0,0,0,0,0,0,0,0,0,0,0,0,0
5fb142f67e0fab7e33cf00c2f09f6c93,0,0,0,0,0,0,0,0,0,0,0,0,0,0,0,0,34,0
2e322487cca0f2192bc1a3207e1ad8a0,0,0,18,0,0,0,0,0,0,0,0,0,0,0,0,0,0,0
0cf5633d0acee262e87da3db80a9baaf,0,36,0,0,0,0,16,25,0,0,0,0,46,0,0,0,0,0
b7465064ced6e25dfe442718c7bba6e1,0,0,0,0,0,0,0,0,0,0,0,0,0,0,0,10,0,0
bae9bff259cea0be67bba98c81f1d020,0,0,0,0,0,0,0,0,0,0,0,20,0,0,0,0,0,0
8a1a1dc5f05e5a451ecaa7506c29f69c,0,0,0,0,0,0,0,0,0,0,0,8,0,39,0,0,0,0
3a5c67a24c435b45a23cad99569e41ec,0,0,14,0,0,0,0,0,0,0,0,0,0,0,0,0,0,0
df3958305c204f0bfa20f7ce4efdf637,0,45,0,0,0,0,26,33,123,0,0,0,0,0,0,10,24,0
b587fe14b9d8d45fbcc2e6cfb9383a93,196,405,23,17,15,76,22,253,278,17,131,117,108,259,56,400,17,49
c6745eeb78ad71cdcc6f64d5813dc300,0,0,0,0,0,0,0,0,0,0,19,0,11,0,0,0,0,0
06ac3e98b537191e8524cfb2e4eb4515,0,0,0,0,0,8,0,0,0,0,0,0,0,0,0,0,0,0
8dff50d63a418eafee877c0d6ca25f78,0,0,0,0,0,0,0,0,14,0,0,0,0,0,0,0,0,0
3ae7d1db0bdd038eb619b17613c49d26,0,0,0,0,0,0,0,0,0,0,0,10,0,134,0,15,0,10
cf5520c7981abde3b1460126a4edd967,0,0,0,0,0,0,0,0,0,11,0,0,0,0,0,0,0,0
dda65512b69dc8e8fb392b19a17d9986,0,0,0,0,0,0,0,3,0,0,0,0,0,0,0,0,0,0
b733df4b004eb8c596ddc5e7789decee,0,0,0,0,0,0,0,0,0,0,0,2,0,0,0,0,0,0
24a0a132d22a3a27285f59c0f1aafa4c,6,0,0,0,0,0,5,0,0,0,9,0,0,0,0,0,0,0
5dc4dc466b40b136d2ae5b805259199d,0,0,0,0,0,0,0,0,0,0,12,0,54,0,0,0,0,0
2088b10165a39b54180c5a750cb72d42,0,0,0,33,0,0,0,0,0,0,0,0,0,0,0,0,0,0
d9ec85b87f734abc21f2ad2b4be0fc16,0,0,0,44,0,0,0,0,0,0,0,16,12,15,0,0,9,11
9f21b120523941864d5c78016e4fae9d,0,0,0,0,0,0,0,0,0,0,0,0,0,65,0,14,0,0
66d16aa90855eb8eeebbe8ed1a13e2f0,0,0,0,0,0,0,0,11,0,0,29,76,0,41,17,24,12,0
960661d8c98c0a2e42b50de5a7f627e3,0,0,0,20,11,28,15,67,45,10,304,65,42,107,35,83,0,8
e084c4e1efb25dda73727706dad2f9c0,0,0,0,12,0,0,0,0,0,0,0,0,0,0,0,0,0,0
7c96b526998489eaf8f1911bcc16d939,0,0,0,0,0,0,0,0,0,0,0,0,0,59,0,0,0,0
a1412a2979b69115777a6ce36230ae76,0,0,0,0,0,0,0,0,0,0,0,0,0,0,3,0,0,0
0c24f48de613ea0b76809395e0a2bfd6,8,0,0,0,0,0,0,0,0,0,0,0,0,0,0,0,0,0
0a1f5ed70dcb37a86924dbd5fde981af,0,0,0,0,0,0,0,0,0,18,0,0,4,0,0,6,0,0
4540d2faf9597dc876bde21aef1ec3b7,0,11,0,0,0,0,0,0,0,0,0,0,0,0,0,0,0,0
b900f862c7e018da5ea21a428d6eda09,0,0,0,0,0,0,30,0,16,0,0,17,0,0,0,0,0,0
2614ff103faac8c9aa473841136279c8,0,25,8,30,17,0,0,0,0,0,22,107,15,0,0,7,0,9
4657bc302da2d6dfb333e220cd4dd64f,0,0,0,0,0,0,0,0,15,0,0,0,0,0,0,0,0,0
098ed3954616b87e7ebd30db027a3695,0,16,0,0,0,0,0,0,0,0,0,0,0,0,0,10,0,0
bacb4482e395b6f3796efb6d1f4e4023,0,0,0,0,0,0,0,0,0,0,0,0,0,0,0,0,15,0
19a52dc5e3d007df257bfea5fcf10a59,0,0,0,0,0,0,37,0,0,0,0,0,0,0,0,0,0,0
2e3f176ae8c669fe89c79b560b1c3189,22,0,0,260,14,57,86,0,31,31,0,35,9,55,21,79,87,0
730aa8ce50d58d83ef75e17f368f9a46,0,0,0,0,0,0,0,0,0,0,0,0,19,0,0,0,0,0
fafa4ce975c89cd56e144a9c9fef87de,0,0,0,0,0,0,0,0,10,0,0,5,0,0,0,0,0,0
eba65a6c0226fad41ee9dff264ecd62d,0,0,0,0,0,0,0,0,0,0,0,12,0,0,6,0,0,0
4e8563a279457a3304b2fadb9a508645,35,0,0,0,0,0,0,0,0,0,0,0,0,0,0,0,0,0
1f41e37fd56c3b47367e773f8329989a,0,0,0,0,0,0,0,0,0,0,2,0,0,0,0,0,0,0
00b5732a5ab9e85c582884313c6d3322,0,0,0,0,0,2,0,0,0,17,43,0,0,0,0,66,49,0
7a5b875cf99ddb93b84ed03d5105530d,0,0,0,0,0,82,0,0,0,0,0,0,0,0,0,0,0,0
5cba7b58b6db042a8d764b6862931954,0,0,41,0,0,0,0,0,0,0,0,0,0,0,0,0,0,0
b326b74bbd803234d609305fca3c9581,0,0,0,0,0,0,0,0,0,0,0,0,0,0,0,0,0,19
7e22c38418cd34a03ebac8f38110a3e0,0,0,0,0,0,0,7,0,14,0,0,20,12,14,0,0,0,8
da967222d4974b81b78ca79dcab227a0,0,0,0,0,0,0,0,0,0,0,0,0,8,0,0,0,0,0
0ca26ab8479e83811bbe36b7969e2823,0,0,0,0,0,0,0,0,21,0,0,0,0,0,0,0,0,0
51b224aaaa2b247327e1b96a8305889a,0,0,70,0,0,0,0,0,0,15,0,9,42,0,4,45,40,26
5189fc9a3bae2857bba38fd752d9fc35,0,0,0,0,0,0,0,0,0,0,0,11,0,0,0,0,28,0
f59c9661f4e154b8d6eadff955089368,0,0,0,0,0,23,0,16,24,13,34,56,12,22,0,32,21,103
f9350c4321a0880c83380a9616f47a9c,0,0,0,0,0,0,0,0,0,0,0,0,9,14,0,0,0,12
a623d7f3f657b2ba291f0c812cd63987,0,0,0,0,0,0,0,0,0,0,5,0,0,0,0,0,0,0
365922ee8a241e8480784ef775e088cd,84,0,0,15,0,6,0,177,0,27,314,33,14,90,0,74,158,37
ad7b647ed4ba08a795d01564bf06c467,0,10,0,0,0,0,0,0,0,0,0,0,0,0,0,0,0,0
8e853738ff8d3a9f2415d8a411ad30fb,0,0,0,0,0,0,0,0,88,0,0,0,108,0,0,0,0,0
e7633f7cd02818be3e46bd6bae183eb2,0,0,97,0,0,0,0,0,0,0,0,0,0,0,0,0,0,0
7aebec4e33650d0ac57fe723a94c2c66,0,0,0,9,0,0,0,0,0,0,0,0,0,0,0,0,0,0
d77d18b6280ed8b8385a3b13cbce04cf,0,0,0,0,0,0,0,0,0,7,24,0,0,0,0,0,7,0
bb638078b4468bb01472a0b6bc00153b,0,0,0,0,0,0,0,0,0,0,0,17,0,0,0,0,0,0
995d6223e82b40fe8e16f30880f8d15c,0,0,20,0,0,13,0,0,0,0,0,0,0,0,0,0,0,0
451100d9276895cc77455edff8fff92b,0,0,62,0,0,0,0,0,0,0,0,0,0,0,0,0,0,0
9827377e93b5d0d576065064423ee057,0,0,0,0,0,0,0,28,0,0,0,0,0,0,0,0,0,0
f32482627ed84b6d77261b8cc43a40ea,0,0,0,0,0,0,0,0,8,0,0,0,0,0,0,0,0,0
85113ca0cc98bb5f1fa38abd6ef031ef,24,27,0,9,47,0,0,99,0,0,0,0,0,0,0,0,0,0
4ced0449f1b5a7ccfa1843eabf886a0e,0,0,0,0,0,0,0,0,0,0,0,0,0,0,0,0,7,0
77027b974fd7796cb2ba276447189404,0,0,0,0,0,0,0,0,0,0,6,0,0,0,0,0,0,0
97314af65b68b683534e1f51255bca84,0,0,0,0,0,0,0,38,0,0,0,0,19,0,0,0,0,0
72adf08a6e4989b54fba625fa214c36e,0,0,0,0,0,0,0,0,0,0,18,25,28,227,0,0,15,0
e6bbece80f673ce70183d0360450397c,0,0,0,0,0,0,0,33,0,0,0,0,0,0,0,0,0,0
d97642e92206649d79c9a5fb8b472443,0,0,0,0,5,0,0,0,0,0,4,0,5,0,8,4,0,4
94befefd58b96b9f30c476dabd6beac5,0,0,0,0,0,0,0,14,0,0,0,0,0,0,0,0,0,0
c538917932c548f6e61f85d9af398212,34,0,0,0,0,0,0,0,0,0,60,0,0,0,0,0,0,0
344dfb6e3726295682713f0e5da2ea0b,5,0,0,0,0,0,0,0,0,0,30,0,27,0,0,26,0,0
90be7bdc46827e543a16a5b715d885bb,0,0,0,0,0,0,0,0,0,0,0,0,14,0,0,0,0,7
bd6383169ddd32592a82ccdb7511c186,0,0,0,0,0,0,0,0,0,0,0,67,29,0,0,66,34,43
9c609ba77a16d66dd36d7183ac3b6cec,0,0,0,0,0,0,0,16,0,0,0,0,0,0,0,0,0,0
adedd31c21d7a21459b6ebc017b1096e,0,0,0,0,0,0,0,0,0,0,0,0,0,0,0,6,0,0
3cf793c4c3943574806ab40772222eaa,0,20,0,27,0,0,0,32,0,0,0,0,0,0,0,0,0,0
c8c44e52117111bb5363eae24da0b746,0,0,0,56,0,13,0,0,0,0,0,0,0,0,0,0,0,0
fdc75e64f22fd8d36d77007c78e737b9,0,0,0,0,0,0,0,15,0,0,0,0,30,0,0,0,0,0
df348a5cb8d8623f5d78299335880cf1,10,0,0,0,0,0,0,0,0,0,0,28,0,0,0,0,0,0
e5aeeedb566eb2cca0bab7227cdda4f8,0,0,0,0,0,0,0,0,0,0,0,18,0,0,0,16,0,0
01edd53eeb2aab1dcd71b4f1f55d05a4,667,0,0,25,26,4,44,19,14,0,0,0,0,5,0,0,0,0
5e9c6512f15c7f03ab0fa0d8932d6933,0,0,0,0,0,0,0,0,0,0,0,0,0,0,0,19,0,0
aceb457aaa6b12da1ec4f2492cc2053f,0,0,0,0,0,0,0,0,7,0,0,0,0,0,0,0,0,0
dd177ca5ccc1bb919e7c2f3164714290,0,0,0,0,13,0,0,0,0,0,0,0,0,0,0,0,0,0
1d60e4d996ce10a25bc2aa4c14995595,0,0,0,0,0,0,0,0,163,0,0,0,0,0,0,0,0,0
07598dc5f265348fb75883209abd381a,0,0,62,0,0,0,0,0,0,0,0,0,0,0,0,0,0,0
3aaf2a34ac2801eccdbc5098254ecf22,0,0,0,0,0,0,0,0,0,0,0,47,0,0,0,0,0,0
9617d5019237e05941dd26a065da9968,0,0,0,0,0,24,0,0,0,0,0,0,0,0,0,0,0,0
3a555d4b9017633888f96610ffbdb8d7,54,0,0,0,0,0,0,0,28,0,0,21,0,0,0,0,0,0
c95c29828395a6f53f96e96619916532,0,0,0,6,0,0,10,0,13,0,694,0,0,0,0,31,0,0
24fad1fa19fa74b4d3976e7d43a0f57f,0,0,0,0,0,0,0,0,0,0,0,0,0,0,0,0,4,0
64eb5b7b90172889d3bbea6607d174d9,0,0,0,0,0,0,3,0,0,0,0,0,0,0,0,0,0,0
fb1bbd65146ca8b0ef54dd506fc356ba,0,28,0,0,0,0,0,0,0,0,33,82,0,23,0,0,0,0
95d9d76d1d2fde3008a747db043a9719,0,54,17,0,0,0,0,0,0,0,0,0,0,0,0,0,0,0
d745fc64f659113458049f282e586d64,0,0,135,0,0,0,0,7,0,0,0,0,0,0,0,0,0,0
13c1288378f1dc2da876fd37a93c17b5,0,0,25,0,0,0,0,0,0,0,0,0,0,0,0,0,0,0
702a3e2722435e00f773be59fc5b6331,0,0,0,0,0,0,0,0,12,0,0,0,0,0,0,0,0,0
74ddeb539b2d5626e389cf4b707f2f63,0,0,0,0,0,8,0,0,0,8,13,0,183,162,0,35,0,57
f43c56d983a42f7661f4527ef440cdae,0,0,0,0,0,0,0,0,0,0,0,0,0,0,0,22,0,0
97fdd9aca602e9538b00559813149794,0,0,0,0,0,0,0,0,0,0,0,0,0,0,12,0,0,0
8621ad2b81214e4e040a3c1012a4f723,0,0,0,0,0,0,0,0,0,0,0,0,0,0,0,0,0,8
6b02aa41f49f6ecad5487c17c72b6da5,0,0,0,0,11,0,0,0,0,0,0,10,0,0,0,0,0,0
18e0c43ca198c01c4667079ffc8b73a7,0,0,0,18,11,0,0,0,0,0,0,7,25,0,0,0,11,7
e6d9fe4bfdd2114788308701911d6a9e,0,19,0,0,0,3,0,0,0,0,5,13,0,7,0,0,0,3
d650a2970ef576605ac639affadbd26a,0,0,0,0,0,13,0,0,0,0,0,0,0,0,0,0,0,0
104f537496b13aa1b1195d65cf815447,0,0,0,7,0,0,0,14,0,0,0,0,0,0,0,0,0,0
726cf0908df007cfa5e42c7299233071,0,0,0,0,0,0,0,0,0,0,0,12,0,0,0,0,0,0
3a59fdb86690fb336df76c47aa72c0f2,0,0,0,0,0,0,0,0,0,0,0,0,0,16,0,0,0,0
2b5ed95e2eecd5b1ac86d27039193ab0,0,0,0,0,0,0,0,15,0,0,0,0,0,0,0,0,0,0
3003555108ae1ffe8c11b67b12bad270,0,0,0,14,0,0,0,0,0,0,0,0,0,0,0,0,0,0
d09ac2719179ce445475d19f361713b1,0,24,0,0,0,0,0,0,0,0,16,0,0,0,0,0,0,0
c04ee88008611fb287ee5b13e68bfac4,0,33,0,0,0,0,22,0,0,0,0,0,0,0,0,32,7,10
d30c0f6c5d3b2554b4f31c1d43e833dd,0,0,0,0,9,0,0,0,0,0,0,0,0,0,0,0,0,0
51d3db30ce513301ee6a6f030f831b18,0,0,0,0,0,0,0,0,0,0,0,0,0,102,0,0,0,0
9d79c195b3ee09e77c743e70498e40b4,10,28,0,0,0,0,0,0,0,0,0,0,0,0,0,28,0,0
5d685b32b762a7b657c43125a3cc881e,0,0,0,0,0,0,0,0,0,0,0,9,0,0,0,0,0,0
73504b87549ac3a8649846516dc109b6,0,0,0,47,0,0,0,0,82,15,49,37,56,28,55,32,16,50
91b606319dc1adeb4661b56135de7fc7,0,0,0,0,7,0,0,0,0,0,0,0,0,60,0,0,0,0
6ecb363cbaa615df747e0376eec81ea9,0,0,0,0,0,208,0,0,0,0,0,0,0,0,0,0,0,0
0caaed09e58be1699f85bdc25fd620ca,0,0,0,0,0,0,0,0,0,0,0,0,0,0,0,0,59,0